wg_id,tag,lvl,type,name,short_name,damage,dpm,penetration,accuracy,aim_time,move_down_arc,speed,cp_power,hp,armor_hull,armor_turret,view_range,wr_id,nation
1,R04_T-34,5,mediumTank,Т-34,Т-34,85,2217.65,112,0.34,2.3,8,56,17.4,590,45,52.0,350,467-795,1
3137,F08_AMX_50_100,8,heavyTank,AMX 50 100,AMX 50 100,240,1776.0,212,0.36,3.0,9,51,17.11,1400,90,90.0,380,378-858,5
2049,R12_A-20,5,lightTank,А-20,А-20,40,2168.8,46,0.45,2.3,7,72,28.39,560,20,37.0,360,486-1004,1
15617,R95_Object_907,10,mediumTank,Объект 907,Об. 907,320,2953.6,264,0.36,2.0,5,55,16.94,2000,110,228.0,400,669-1057,1
49169,G136_Tiger_131,6,heavyTank,Tiger 131,Tiger 131,220,1885.4,145,0.38,2.3,8,40,11.4,1060,100,100.0,370,1280,2
32257,R180_Object_274_A,8,mediumTank,Объект 274а,Об. 274а,320,2134.4,227,0.38,2.7,6,58,17.26,1200,95,220.0,390,1486,1
61473,A126_PzVI_Tiger_II_capt,7,heavyTank,King Tiger (захваченный),King Tiger (C),240,1694.4,203,0.36,2.5,8,38,10.03,1300,150,185.0,380,1415,3
50193,G114_Rheinmetall_Skorpian,8,AT-SPG,Rheinmetall Skorpion G,Skorpion G,490,2410.8,246,0.3,2.1,7,60,17.0,1150,30,,360,1218,2
54353,GB51_Excelsior,5,heavyTank,Excelsior,Excelsior,110,1736.9,91,0.42,2.3,13,39,14.62,880,114,114.0,350,674,6
5633,R26_SU-8,6,SPG,СУ-8,СУ-8,500,1665.0,30,0.76,5.5,4,48,22.74,300,30,,260,454-1116,1
1297,G03_PzV_Panther,7,mediumTank,Panther,Panther,350,2625.0,64,0.55,2.3,8,55,15.47,1300,85,120.0,380,412-1103,2
6465,F15_AMX_12t,6,lightTank,AMX 12 t,AMX 12 t,135,1178.55,144,0.4,2.3,6,60,27.25,650,50,30.0,360,455-912,5
5457,GB22_Comet,7,mediumTank,Comet,Comet,370,3170.9,47,0.51,2.3,8,52,20.05,1150,76,102.0,380,592,6
2097,Ch12_111_1_2_3,9,heavyTank,WZ-111 model 1-4,WZ-111 1-4,320,2259.2,215,0.38,2.3,5,50,13.49,1850,120,230.0,400,618,4
33281,R185_T_34_L_11_1941,4,mediumTank,Т-34 с Л-11,Т-34 1941 г.,110,942.7,68,0.51,2.9,5,54,18.62,560,45,45.0,320,1542,1
2593,A14_T30,9,AT-SPG,T30,T30,400,2476.0,248,0.39,2.3,10,35,13.49,1650,102,279.0,380,377-953,3
9793,F32_Somua_Sau_40,4,AT-SPG,Somua SAu 40,SAu 40,410,2894.6,53,0.53,2.3,10,37,10.48,430,36,,330,559-1170,5
4161,F22_AMX_105AM,5,SPG,AMX 13 105 AM mle. 50,AMX 13 AM,445,1909.05,30,0.69,5.0,4,60,17.2,290,40,,265,558-1134,5
1025,R08_BT-2,2,lightTank,БТ-2,БТ-2,47,1226.23,51,0.44,2.3,8,55,41.82,320,15,26.0,280,532-1204,1
55377,GB108_A46,6,lightTank,A46,A46,105,1500.45,105,0.45,2.0,9,60,22.17,580,32,35.0,370,1461,6
1377,J08_Chi_Nu,5,mediumTank,Type 3 Chi-Nu,Chi-Nu,75,1956.75,87,0.42,2.3,10,39,16.56,630,50,50.0,350,730-1001,7
3601,G21_PanzerJager_I,2,AT-SPG,Panzerjäger I,Pz.Jäg. I,60,1440.0,62,0.35,1.7,8,40,15.9,240,13,,300,525-894,2
2321,G15_VK3601H,6,heavyTank,VK 36.01 (H),VK 36.01 H,350,2625.0,64,0.55,2.3,8,51,11.89,1200,100,100.0,370,441-864,2
16449,F81_Char_de_65t,8,heavyTank,AMX 65 t,AMX 65 t,240,2116.8,212,0.38,2.3,8,40,17.14,1550,100,250.0,370,1318,5
52497,G33_H39_captured,2,lightTank,Pz.Kpfw. 38H 735 (f),Pz. 38H,40,1050.0,41,0.4,1.71,8,37,7.1,320,40,40.0,330,491-1195,2
3617,A16_M7_Priest,3,SPG,M7 Priest,M7 Priest,410,1230.0,27,0.82,5.5,5,39,21.53,250,102,,260,474-969,3
50945,R125_T_45,2,lightTank,Т-45,Т-45,47,783.49,51,0.4,2.4,6,41,12.5,280,25,35.0,300,1031,1
20257,A129_T6_medium,4,mediumTank,T6 Medium,T6 Medium,175,2282.0,38,0.53,3.2,12,34,18.51,475,45,76.0,340,1463,3
2145,J07_Chi_Ha,3,lightTank,Type 97 Chi-Ha,Chi-Ha,75,1500.0,30,0.46,2.3,15,45,17.19,425,25,35.0,330,733-1005,7
22273,R169_ST_II,10,heavyTank,СТ-II,СТ-II,440,2252.8,258,0.4,3.0,8,40,12.12,2500,150,300.0,390,1441,1
52241,G35_B-1bis_captured,4,heavyTank,Pz.Kpfw. B2 740 (f),Pz. B2,52,1436.76,55,0.39,1.14,10,30,11.58,610,60,46.0,330,472-1162,2
6209,F10_AMX_50B,10,heavyTank,AMX 50 B,AMX 50 B,400,2560.0,257,0.35,2.5,10,65,19.29,2100,170,100.0,400,360,5
13329,G90_DW_II,4,heavyTank,Durchbruchswagen 2,D.W. 2,70,1750.0,67,0.39,2.2,10,35,9.97,670,50,50.0,330,713-1161,2
3345,G08_Pz38t,3,lightTank,Pz.Kpfw. 38 (t),Pz. 38 (t),60,1440.0,62,0.39,1.9,10,42,19.86,445,25,50.0,330,505-1027,2
53537,A74_T1_E6,2,lightTank,T1E6,T1E6,30,1285.8,33,0.51,1.9,10,48,27.03,320,16,13.0,260,606-1199,3
2161,Cz02_TVP_T50,9,mediumTank,Škoda T 50,Škoda T 50,320,2560.0,205,0.36,2.5,8,50,25.77,1650,65,120.0,400,955,8
19985,G125_Spz_57_Rh,10,lightTank,Rheinmetall Panzerwagen,Rhm. Pzw.,320,2134.4,242,0.36,1.6,10,75,44.0,1600,30,20.0,420,1267,2
3377,Ch16_WZ_131,7,lightTank,WZ-131,WZ-131,180,1612.8,145,0.37,2.5,5,60,26.13,900,35,45.0,370,624,4
5937,Ch29_Type_62C_prot,10,lightTank,WZ-132-1,WZ-132-1,390,2187.9,246,0.42,2.0,5,65,36.0,1500,50,200.0,400,1268,4
20241,G126_HWK_12,8,lightTank,HWK 12,HWK 12,240,1869.6,180,0.36,2.0,10,65,36.01,1100,15,15.0,410,1273,2
129,S05_Strv_M21_29,1,lightTank,Strv fm/21,Strv fm/21,40,923.2,33,0.44,1.9,10,25,6.11,280,14,14.0,290,1250,9
3073,R22_T-46,3,lightTank,Т-46,Т-46,40,1996.0,46,0.45,2.3,8,58,23.54,445,15,30.0,310,516-1030,1
57425,GB97_Chimera,8,mediumTank,Chimera,Chimera,440,1702.8,218,0.36,2.5,10,50,15.95,1400,114,203.0,380,1359,6
19713,R151_Object_257_2,9,heavyTank,Объект 257,Об. 257,440,2032.8,248,0.4,2.9,5,50,15.45,1900,130,350.0,390,1328,1
11553,A41_M18_Hellcat,6,AT-SPG,M18 Hellcat,Hellcat,115,2225.25,128,0.35,1.7,10,72,23.24,640,13,76.0,370,430-1122,3
11521,R81_IS8,9,heavyTank,Т-10,Т-10,440,2147.2,258,0.38,2.8,5,50,14.75,1800,120,250.0,400,900,1
2193,Pl12_25TP_KSUST_II,5,mediumTank,25TP KSUST II,25TP,50,1935.5,52,0.36,1.9,10,56,19.65,590,45,80.0,350,1367,10
5665,A24_T2_med,2,mediumTank,T2 Medium Tank,T2 Medium,12,1241.4,30,0.5,1.7,8,40,28.08,340,22,25.0,320,530-939,3
52993,R68_A-32,4,mediumTank,А-32,А-32,110,1609.3,66,0.44,2.29,7,70,27.63,550,35,35.0,320,487-1171,1
6961,Ch32_SU-76G_FT,4,AT-SPG,SU-76G FT,SU-76G FT,160,2000.0,128,0.4,1.7,5,45,25.21,430,25,,320,1297,4
161,It04_Fiat_3000,1,lightTank,Fiat 3000,Fiat 3000,40,857.2,39,0.42,2.0,10,21,10.68,255,16,16.0,280,1346,11
4097,R27_SU-14,8,SPG,СУ-14-2,СУ-14-2,600,1332.0,38,0.66,4.5,0,30,10.94,410,50,,260,427-1073,1
8257,F52_RenaultUE57,3,AT-SPG,Renault UE 57,UE 57,75,1607.25,110,0.39,2.0,2,36,17.2,265,9,,320,561-1185,5
369,Cz03_LT_vz35,2,lightTank,LT vz. 35,LT vz. 35,40,923.2,52,0.38,1.7,10,34,12.86,360,25,25.0,320,974,8
5393,G26_VK1602,5,lightTank,VK 16.02 Leopard,Leopard,70,1826.3,100,0.39,1.7,10,60,25.0,580,50,50.0,360,484-883,2
9553,GB74_AT8,6,AT-SPG,AT 8,AT 8,110,2869.9,91,0.39,1.7,5,20,9.99,900,203,,330,637,6
54017,R38_KV-220,5,heavyTank,КВ-220-2,КВ-220-2,110,1540.0,99,0.46,2.29,8,33,13.66,900,120,90.0,310,915-916,1
7985,Ch36_WZ111_1G_FT,8,AT-SPG,WZ-111-1G FT,WZ-111-1 FT,390,2753.4,192,0.38,2.9,6,35,13.48,1000,180,,370,1290,4
5121,R10_AT-1,2,AT-SPG,АТ-1,АТ-1,75,1451.25,75,0.43,2.3,8,30,13.19,250,15,,250,531-1203,1
59473,GB102_LHMTV,8,lightTank,LHMTV,LHMTV,135,1445.85,180,0.36,2.1,10,63,33.71,1050,30,60.0,380,1426,6
2081,A107_T1_HMC,2,SPG,T1 HMC,T1 HMC,175,1167.25,19,0.8,5.5,5,34,17.1,160,10,,250,935,3
65073,Ch03_WZ_111_A,8,heavyTank,WZ-111 Alpine Tiger,Alpine Tiger,390,1872.0,196,0.42,2.8,5,50,13.48,1550,120,230.0,380,1254,4
6657,R23_T-43,7,mediumTank,Т-43,Т-43,450,2412.0,61,0.57,2.9,8,51,17.34,1100,75,90.0,370,419-1018,1
21761,R144_K_91,10,mediumTank,К-91,К-91,320,3046.4,276,0.33,1.7,9,55,19.11,1950,140,220.0,410,1349,1
56609,A102_T28_concept,7,AT-SPG,T28 Concept,T28 HTC,320,1920.0,181,0.4,2.3,4,29,13.71,880,203,,370,778,3
10577,GB25_Loyd_Gun_Carriage,2,SPG,Loyd Gun Carriage,Loyd GC,165,1100.55,21,0.8,5.0,0,48,18.89,160,7,,260,703-934,6
7713,A29_T40,4,AT-SPG,T40,T40,410,3075.0,53,0.55,1.7,4,38,19.64,420,51,,310,483-1002,3
9985,R58_SU-101,8,AT-SPG,СУ-101,СУ-101,250,2112.5,175,0.4,2.3,3,54,18.21,1100,150,,350,577-1089,1
2129,GB20_Crusader,6,lightTank,Crusader,Crusader,175,2625.0,38,0.49,1.9,12,58,21.11,680,40,51.0,370,597,6
6145,R90_IS_4M,10,heavyTank,ИС-4,ИС-4,440,2296.8,258,0.42,2.5,6,43,12.33,2500,155,250.0,400,369-808,1
4625,G22_Sturmpanzer_II,4,SPG,Sturmpanzer II,St.Pz. II,350,1207.5,35,0.84,6.5,4,45,11.21,290,30,,255,493-887,2
22785,R170_IS_2_II,8,heavyTank,ИС-2-II,ИС-2-II,300,2118.0,221,0.38,2.5,7,34,14.72,1500,110,235.0,350,1445,1
57633,A112_T71E2,7,lightTank,T71 CMCD P,T71 CMCD P,150,2092.5,175,0.38,1.9,10,64,35.37,840,25,22.0,400,1017,3
11601,GB30_FV3805,9,SPG,FV3805,FV3805,550,1435.5,35,0.63,4.3,5,40,16.3,450,51,,275,693,6
8737,A40_T95,9,AT-SPG,T95,T95,400,2760.0,248,0.38,2.1,5,20,8.95,1800,305,,380,374-1066,3
43585,F106_Panhard_EBR_75_Mle1954,8,lightTank,Panhard EBR 75 (FL 10),EBR 75 FL 10,175,1909.25,180,0.38,1.2,8,60,35.0,950,40,40.0,310,1387,5
60225,F116_Bat_Chatillon_Bourrasque,8,mediumTank,Bat.-Châtillon Bourrasque,Bourrasque,360,1800.0,190,0.42,3.5,6,62,25.77,1250,40,15.0,390,1446,5
16641,R101_MT25,6,lightTank,МТ-25,МТ-25,70,2100.0,90,0.36,2.0,7,62,29.55,660,45,45.0,360,698-1132,1
7169,R45_IS-7,10,heavyTank,ИС-7,ИС-7,490,2146.2,250,0.4,2.9,6,60,17.6,2400,150,240.0,400,364-1046,1
2433,S16_Kranvagn,10,heavyTank,Kranvagn,Kranvagn,440,2934.8,252,0.36,2.5,12,60,18.08,2000,90,225.0,390,1231,9
8465,G64_Panther_II,8,mediumTank,Panther II,Panther II,350,2761.5,64,0.55,2.1,8,55,13.09,1500,100,120.0,390,397-1079,2
58657,A115_Chrysler_K_GF,8,heavyTank,Chrysler K GF,Chrysler GF,320,1900.8,198,0.36,1.9,6,35,20.0,1500,152,254.0,380,1235,3
6417,G28_PzIII_IV,5,mediumTank,Pz.Kpfw. III/IV,Pz. III/IV,110,1650.0,110,0.39,2.3,10,55,23.33,630,80,50.0,350,461-1144,2
63505,G117_Toldi_III,3,lightTank,43 M. Toldi III,Toldi III,45,675.0,64,0.43,2.1,10,45,16.4,410,35,35.0,270,927,2
9761,A34_M24_Chaffee,5,lightTank,M24 Chaffee,Chaffee,110,1500.4,96,0.44,1.6,10,62,27.19,550,25,38.0,360,431-1142,3
61249,F112_M10_RBFM,5,AT-SPG,M10 RBFM,M10 RBFM,115,2225.25,130,0.37,1.8,10,48,13.67,470,38,57.0,370,1408,5
51489,A19_T2_lt,2,lightTank,T2 Light Tank,T2 Light,12,1192.08,30,0.5,1.71,8,72,34.85,300,17,16.0,260,529-1200,3
9249,A64_T25_AT,7,AT-SPG,T25 AT,T25 AT,320,2108.8,198,0.38,1.7,10,56,18.0,840,89,,350,414-1105,3
8193,R53_Object_704,9,AT-SPG,Объект 704,Об. 704,750,2632.5,286,0.39,2.9,6,37,14.38,1600,120,,360,375-802,1
51361,It13_Progetto_M35_mod_46,8,mediumTank,Progetto M35 mod. 46,Progetto 46,240,1999.2,212,0.33,2.1,9,55,18.63,1400,60,80.0,390,1332,11
9489,G56_E-100,10,heavyTank,E 100,E 100,530,2650.0,246,0.39,2.5,7,30,9.25,2700,200,270.0,400,361-1043,2
59681,A118_M4_Thunderbolt,6,mediumTank,M4A3E8 Thunderbolt VII,Thunderbolt,115,1917.05,128,0.38,2.1,10,42,13.51,840,124,64.0,370,1275,3
63793,Ch26_59_Patton,8,mediumTank,59-Patton,59-Patton,240,1920.0,212,0.36,1.9,9,50,17.05,1400,100,178.0,400,834,4
60977,Ch44_114_SP2,10,AT-SPG,114 SP2,114 SP2,650,2710.5,273,0.32,2.0,7,45,15.56,2000,75,135.0,390,1537,4
15905,A92_M60,10,mediumTank,M60,M60,390,2659.8,268,0.33,1.6,9,60,20.53,2000,93,254.0,420,668-1011,3
58113,R108_T34_85M,6,mediumTank,Т-34-85М,Т-34-85М,180,2077.2,144,0.37,2.2,7,53,15.51,810,75,90.0,360,768,1
62273,F84_Somua_SM,8,heavyTank,Somua SM,Somua SM,300,1956.0,232,0.4,2.4,10,37,12.5,1450,140,120.0,370,1223,5
4417,F11_Renault_G1R,5,mediumTank,Renault G1,G1 R,410,2460.0,53,0.54,2.6,8,40,12.95,600,60,60.0,350,820,5
9217,R61_Object252,8,heavyTank,ИС-6,ИС-6,390,2000.7,196,0.44,2.8,6,35,13.59,1550,110,150.0,350,541-986,1
12289,R57_A43,6,mediumTank,А-43,А-43,85,2217.65,112,0.34,1.9,5,55,23.61,820,60,75.0,360,711-1131,1
10513,G67_VK4502A,8,heavyTank,VK 45.02 (P) Ausf. A,VK 45.02 A,220,2030.6,145,0.38,2.3,8,38,14.99,1570,150,185.0,390,384-1075,2
14673,GB80_Charioteer,8,AT-SPG,Charioteer,Charioteer,390,2316.6,268,0.35,2.4,10,52,21.47,1050,64,30.0,370,785,6
4433,GB12_Conqueror,9,heavyTank,Conqueror,Conqueror,280,2847.6,220,0.33,2.1,10,34,14.41,1950,152,254.0,400,585,6
11809,A86_T23E3,7,mediumTank,T23E3,T23E3,115,2090.7,149,0.36,2.2,10,56,14.72,1050,76,76.0,380,741-862,3
2689,S09_L_120_TD,2,AT-SPG,Pvlvv fm/42,Pvlvv fm/42,14,1267.98,31,0.5,1.9,7,50,22.86,220,10,,280,1248,9
59137,R71_IS_2B,7,heavyTank,ИС-2,ИС-2,390,1903.2,175,0.46,3.4,6,34,12.97,1280,100,100.0,350,814,1
63297,F69_AMX13_57_100_GrandFinal,7,lightTank,AMX 13 57 GF,AMX 13 57F,90,1878.3,143,0.37,2.3,6,61,17.01,890,50,40.0,390,825,5
1921,S18_EMIL_1951_E1,8,heavyTank,Emil I,Emil I,320,2006.4,179,0.39,3.2,12,50,13.35,1400,100,180.0,360,1236,9
353,J15_Chi_Ni,2,mediumTank,Chi-Ni,Chi-Ni,75,1323.75,30,0.5,2.1,15,30,13.78,380,25,30.0,300,737-1006,7
10241,R74_SU100M1,7,AT-SPG,СУ-100М1,СУ-100М1,250,2112.5,212,0.41,2.3,4,54,16.25,850,140,,350,579-1111,1
14401,F67_Bat_Chatillon155_55,9,SPG,Bat.-Châtillon 155 55,B-C 155 55,680,1455.2,45,0.63,5.5,0,56,18.55,440,16,,270,681-1059,5
4497,Pl23_CS_53,8,mediumTank,CS-53,CS-53,300,2094.0,212,0.38,2.5,8,50,17.81,1300,80,130.0,380,1473,10
3217,Pl05_50TP_Tyszkiewicza,9,heavyTank,50TP Tyszkiewicza,50TP,420,2100.0,218,0.38,2.5,8,35,13.05,2000,120,230.0,380,1362,10
11537,G71_JagdPantherII,8,AT-SPG,Jagdpanther II,JPanther II,490,2513.7,246,0.35,2.3,7,55,13.18,1150,100,,360,572-903,2
61729,A125_AEP_1,9,heavyTank,AE Phase I,AE Phase I,400,2180.0,258,0.38,2.5,10,35,16.07,1800,121,292.0,390,1422,3
15697,GB91_Super_Conqueror,10,heavyTank,Super Conqueror,S. Conqueror,400,2760.0,259,0.33,2.0,10,34,12.34,2400,152,279.0,400,1305,6
2417,Cz04_T50_51,10,mediumTank,TVP T 50/51,TVP T 50/51,320,2604.8,248,0.35,2.1,8,60,25.0,1800,65,120.0,410,952,8
60161,R114_Object_244,6,heavyTank,Объект 244,Об. 244,180,1895.4,144,0.35,2.3,5,42,11.82,990,120,100.0,340,817,1
2945,S20_Ikv_72,3,AT-SPG,Ikv 72,Ikv 72,110,1375.0,97,0.39,2.1,12,57,17.96,265,19,,300,1246,9
51585,S01_Strv_74_A2,6,mediumTank,Strv m/42-57 Alt A.2,Strv m/42-57,150,1636.5,148,0.35,2.3,6,45,13.28,780,55,40.0,350,1219,9
11265,R72_T150,6,heavyTank,Т-150,Т-150,450,2452.5,61,0.57,2.9,7,35,13.08,990,90,100.0,330,545-1119,1
81,GB01_Medium_Mark_I,1,mediumTank,Vickers Medium Mk. I,Medium I,70,933.1,45,0.52,2.3,7,24,7.59,300,6,6.0,280,608,6
5185,F16_AMX_13_75,7,lightTank,AMX 13 75,AMX 13 75,135,1620.0,144,0.38,2.0,6,61,26.32,850,50,40.0,370,428-1099,5
4241,Pl20_CS_44,7,mediumTank,CS-44,CS-44,240,1735.2,156,0.39,2.3,8,57,18.43,1100,140,150.0,370,1475,10
5649,G23_Grille,5,SPG,Grille,Grille,350,1312.5,35,0.84,6.5,3,42,13.04,315,15,,260,473-913,2
12561,G63_PzI_ausf_C,3,lightTank,Pz.Kpfw. I Ausf. C,Pz. I C,8,1324.16,33,0.45,1.4,10,79,22.36,410,30,30.0,340,647-1181,2
62753,A128_concept_1b,9,heavyTank,Concept 1B,Concept 1B,400,2180.0,258,0.38,2.3,10,45,20.64,1800,130,250.0,400,1458,3
17665,R104_Object_430_II,9,mediumTank,Объект 430 Вариант II,Об. 430 II,320,2560.0,246,0.35,2.0,4,55,16.74,1600,80,180.0,400,726,1
51569,Cz01_Skoda_T40,6,mediumTank,Škoda T 40,Škoda T 40,220,1914.0,145,0.37,2.3,6,50,17.52,780,65,65.0,370,879,8
2449,Pl10_40TP_Habicha,6,mediumTank,40TP Habicha,40TP,135,1799.55,135,0.38,2.1,8,50,11.31,840,90,130.0,360,1366,10
44545,R119_Object_777,9,heavyTank,Объект 777 Вариант II,Об. 777 II,440,1900.8,258,0.42,2.9,6,40,15.06,1850,132,258.0,380,851,1
13857,A85_T110E3,10,AT-SPG,T110E3,T110E3,750,2647.5,295,0.36,2.5,8,24,11.71,2050,305,,390,568-846,3
52865,S25_EMIL_51,8,heavyTank,EMIL 1951,EMIL 1951,360,1825.2,217,0.4,3.0,12,45,15.17,1400,100,180.0,360,1383,9
45841,G154_Kpz_07_RH,8,mediumTank,Kampfpanzer 07 RH,Kpz 07 RH,200,2400.0,205,0.35,1.5,9,65,23.33,1350,115,80.0,390,1529,2
417,It05_Carro_L6_40,2,lightTank,L6/40,L6/40,11,1267.2,38,0.47,1.6,12,42,15.61,340,30,30.0,320,1344,11
62481,G114_Skorpian,8,AT-SPG,Rheinmetall Skorpion,Skorpion,490,2410.8,246,0.3,2.1,7,60,17.0,1150,30,,360,857,2
1121,J11_Chi_Ri,7,mediumTank,Type 5 Chi-Ri,Chi-Ri,130,2167.1,155,0.35,1.7,10,42,13.02,1250,75,75.0,370,728-1107,7
1105,GB21_Cromwell,6,mediumTank,Cromwell,Cromwell,370,3170.9,47,0.53,2.3,10,64,23.36,840,64,76.0,360,595,6
1953,It09_P43_ter,7,mediumTank,P.43 ter,P.43 ter,240,1920.0,140,0.4,2.4,7,55,19.5,1100,100,100.0,380,1339,11
5265,Pl21_CS_63,10,mediumTank,CS-63,CS-63,390,2753.4,258,0.36,2.3,8,55,18.12,2000,80,260.0,400,1470,10
7425,R47_ISU-152,8,AT-SPG,ИСУ-152,ИСУ-152,390,2691.0,225,0.38,2.9,6,43,15.29,1200,90,,350,390-1087,1
13585,G86_VK2001DB,4,mediumTank,VK 20.01 (D),VK 20.01 D,70,1680.0,67,0.4,2.3,10,50,17.66,540,50,57.0,330,675-923,2
2401,J04_Ke_Ni,3,lightTank,Type 98 Ke-Ni,Ke-Ni,50,1304.5,58,0.37,1.5,15,50,20.41,425,16,30.0,310,734-971,7
45569,R158_LT_432,8,lightTank,ЛТ-432,ЛТ-432,180,2077.2,176,0.38,2.0,7,70,33.33,1100,70,160.0,380,1377,1
14881,A67_T57_58,10,heavyTank,T57 Heavy Tank,T57 Heavy,400,3096.0,258,0.35,2.9,8,35,14.88,2250,229,152.0,400,609-1045,3
62209,R121_KV4_KTT,8,AT-SPG,КВ-4 КТТС,КВ-4 КТТС,320,2284.8,227,0.36,2.5,5,35,12.0,1200,200,,350,909,1
833,F20_RenaultBS,2,SPG,Renault FT 75 BS,FT BS,165,1268.85,19,0.77,4.5,7,19,13.7,160,16,,250,562-1191,5
13313,R60_Object416,8,mediumTank,Объект 416,Об. 416,320,2400.0,201,0.37,2.3,3,50,16.67,1200,75,110.0,380,705-1088,1
17473,F87_Batignolles-Chatillon_12t,8,lightTank,Bat.-Châtillon 12 t,B-C 12 t,170,1569.1,170,0.38,2.3,6,68,33.33,1000,40,25.0,380,1272,5
3489,It19_Progetto_C50_mod_66,9,heavyTank,Progetto C50 mod. 66,Progetto 66,400,1848.0,242,0.36,2.7,9,45,13.79,1850,130,195.0,390,1531,11
14609,G89_Leopard1,10,mediumTank,Leopard 1,Leopard 1,420,2709.0,278,0.29,1.7,9,70,20.75,1850,70,52.0,410,667-827,2
46593,R156_IS_2M,7,heavyTank,ИС-2М,ИС-2М,390,1903.2,175,0.45,3.3,6,34,12.37,1300,100,100.0,350,1365,1
561,Ch01_Type59_Gold,8,mediumTank,Type 59 G,Type 59 G,250,1785.0,185,0.39,2.0,7,56,18.06,1300,100,230.0,380,401,4
51313,Cz15_Skoda_T-45_Prem,7,heavyTank,Škoda T 45,Škoda T 45,220,1713.8,194,0.38,2.5,7,30,14.05,1400,110,160.0,370,1536,8
63233,R128_KV4_Kreslavskiy,8,heavyTank,КВ-4 Креславского,КВ-4 Кресл.,320,1699.2,227,0.38,2.9,7,40,14.58,1700,180,200.0,360,1015,1
52049,GB111_Charlemagne,8,heavyTank,Charlemagne,Charlemagne,440,1579.6,220,0.44,3.5,10,35,16.67,1500,130,170.0,380,1528,6
3153,GB10_Black_Prince,7,heavyTank,Black Prince,Black Prince,140,2000.6,148,0.34,2.3,8,20,12.03,1450,152,240.0,370,590,6
14417,GB45_Achilles_IIC,6,AT-SPG,Achilles,Achilles,110,2062.5,101,0.33,2.3,10,48,17.63,720,38,57.0,370,790,6
15633,G95_Pz_Sfl_IVb,4,SPG,Pz.Sfl. IVb,Pz.Sfl. IVb,410,1586.7,27,0.76,5.5,10,35,10.05,305,20,20.0,255,690-1158,2
289,A03_M3_Stuart,3,lightTank,M3 Stuart,M3 Stuart,12,1301.16,30,0.5,1.6,10,61,27.5,425,38,38.0,330,502-929,3
4449,J22_Type_95,4,heavyTank,Type 95 Heavy,Type 95,110,1999.8,71,0.4,2.3,12,22,9.92,670,35,30.0,340,888,7
47617,R146_STG,8,mediumTank,СТГ,СТГ,390,1801.8,212,0.33,2.5,6,50,16.07,1350,100,210.0,370,1291,1
1585,Ch05_T34_2,8,mediumTank,T-34-2,T-34-2,160,2132.8,126,0.42,2.3,5,50,17.42,1400,100,180.0,380,619,4
48913,G138_VK168_02,8,heavyTank,VK 168.01 (P),VK 168.01 P,440,1760.0,220,0.4,2.7,8,20,9.52,1700,180,230.0,400,1302,2
2881,F14_AMX40,4,lightTank,AMX 40,AMX 40,55,1434.95,45,0.47,1.7,9,50,9.3,400,70,80.0,340,476-1163,5
49665,R134_Object_252U,8,heavyTank,Объект 252У,Об. 252У,440,1760.0,225,0.44,3.2,6,35,13.59,1500,130,250.0,350,1255,1
5377,R19_IS-3,8,heavyTank,ИС-3,ИС-3,390,1903.2,175,0.46,3.4,5,38,14.32,1500,110,249.0,350,386-837,1
5889,R39_KV-3,7,heavyTank,КВ-3,КВ-3,390,1903.2,175,0.44,3.1,7,32,11.0,1400,120,155.0,340,423-962,1
16657,G99_RhB_Waffentrager,8,AT-SPG,Rhm.-Borsig Waffenträger,Rhm.-B. WT,490,2557.8,246,0.35,2.3,5,35,9.98,1100,20,,360,716-1080,2
5473,J24_Mi_To_130_tons,6,heavyTank,O-I,O-I,700,1617.0,121,0.58,3.7,10,29,8.0,1060,150,150.0,370,881,7
16913,G98_Waffentrager_E100,10,AT-SPG,Waffenträger auf E 100,WT E 100,490,2229.5,246,0.29,1.5,5,40,8.83,2000,80,20.0,380,714-1053,2
48641,R134_Object_252K,8,heavyTank,Объект 252У Защитник,Защитник,440,1760.0,225,0.44,3.2,6,35,13.59,1500,130,250.0,350,1265,1
49937,G119_Panzer58_BF,8,mediumTank,Schwarzpanzer 58,Schwarzpz.58,250,1875.0,212,0.34,2.3,10,50,17.09,1350,90,120.0,390,1253,2
3905,F09_AMX_50_120,9,heavyTank,AMX 50 120,AMX 50 120,300,2220.0,232,0.36,2.7,9,65,16.83,1750,100,100.0,390,365-833,5
4641,A17_M37,4,SPG,M37,M37,410,1640.0,27,0.8,5.0,11,56,14.13,275,13,,260,492-1157,3
16385,R100_SU122A,5,SPG,СУ-122А,СУ-122А,465,1692.6,32,0.86,7.0,3,30,16.98,275,25,,255,688-885,1
51233,A132_T77,8,heavyTank,T77,T77,360,1472.4,232,0.37,2.7,8,48,16.33,1450,125,152.0,370,1474,3
5201,GB03_Cruiser_Mk_I,1,lightTank,Cruiser Mk. I,Cruiser I,45,807.3,35,0.52,2.5,15,35,9.39,255,14,14.0,280,605,6
64049,Ch14_T34_3,8,mediumTank,T-34-3,T-34-3,390,1747.2,196,0.42,2.5,7,50,14.65,1400,100,200.0,380,695,4
22017,R155_Object_277,10,heavyTank,Объект 277,Об. 277,490,2352.0,265,0.38,2.7,6,55,17.27,2200,140,290.0,400,1348,1
769,R03_BT-7,4,lightTank,БТ-7,БТ-7,47,1484.26,51,0.42,1.7,8,65,33.43,540,20,20.0,350,512-1028,1
4929,F17_AMX_13_90,9,lightTank,AMX 13 90,AMX 13 90,240,1944.0,205,0.38,2.7,6,64,31.55,1200,50,40.0,380,394-1016,5
4673,F23_AMX_13F3AM,6,SPG,AMX 13 F3 AM,AMX 13 F3,630,1184.4,39,0.7,6.0,0,60,16.99,300,40,,270,556-1115,5
2065,G06_PzII,2,lightTank,Pz.Kpfw. II,Pz. II,11,1294.15,39,0.45,1.6,10,40,17.09,340,30,30.0,320,527-937,2
52257,A44_M4A2E4,5,mediumTank,M4A2E4 Sherman,M4A2E4,110,1732.5,92,0.46,2.06,10,52,13.21,630,65,76.0,370,458-1143,3
6225,GB13_FV215b,10,heavyTank,FV215b,FV215b,400,2760.0,259,0.33,1.7,7,34,13.57,2500,152,254.0,410,583,6
3169,J02_Te_Ke,2,lightTank,Type 97 Te-Ke,Te-Ke,45,900.0,41,0.4,2.2,15,42,13.66,320,12,12.0,300,750-1202,7
18705,G110_Typ_205,9,heavyTank,Mäuschen,Mäuschen,490,1960.0,246,0.38,2.3,8,20,9.12,2300,200,240.0,400,1258,2
3361,A09_T1_hvy,5,heavyTank,T1 Heavy Tank,T1 Heavy,115,1917.05,128,0.43,2.3,10,35,16.38,860,95,102.0,330,447-997,3
10833,GB26_Birch_Gun,4,SPG,Birch Gun,Birch Gun,260,1773.2,21,0.74,5.0,5,45,9.09,290,6,,265,700,6
32001,R178_Object_780,10,heavyTank,Объект 780,Об. 780,490,2102.1,263,0.38,2.0,6,50,17.47,2300,100,300.0,400,1468,1
56145,GB35_Sentinel_AC_IV,6,mediumTank,AC 4 Experimental,AC 4 Exp.,150,1800.0,171,0.39,2.1,10,60,11.6,840,65,65.0,360,993,6
609,J01_NC27,1,lightTank,Renault Otsu,R. Otsu,8,939.12,23,0.56,2.0,20,23,8.93,235,30,20.0,280,739-1217,7
3089,G12_Ltraktor,1,lightTank,Leichttraktor,L.Tr.,11,1287.77,30,0.53,1.8,10,36,11.17,280,14,14.0,310,534-1210,2
46865,G143_E75_TS,8,heavyTank,E 75 TS,E 75 TS,360,1911.6,227,0.38,2.5,8,45,16.0,1500,120,230.0,390,1424,2
4385,A12_T32,8,heavyTank,T32,T32,320,2041.6,208,0.4,2.1,10,35,13.9,1550,127,298.0,400,382-836,3
625,Cz10_LT_vz38,3,lightTank,LT vz. 38,LT vz. 38,40,1028.4,82,0.38,1.7,5,42,13.21,390,25,50.0,330,970,8
51713,R33_Churchill_LL,5,heavyTank,Черчилль III,Черчилль III,75,1968.75,110,0.43,2.29,6,28,9.42,920,176,88.0,350,446-1140,1
5681,Ch28_WZ_132A,9,lightTank,WZ-132A,WZ-132A,320,2086.4,220,0.42,2.3,5,64,32.08,1250,50,55.0,390,1271,4
2817,R106_KV85,6,heavyTank,КВ-85,КВ-85,250,1972.5,170,0.38,2.7,3,34,13.09,970,75,100.0,340,767,1
6977,F07_AMX_M4_1945,7,heavyTank,AMX M4 mle. 45,AMX M4 45,240,1972.8,135,0.4,2.3,10,35,15.57,1350,90,100.0,360,403-877,5
62001,Ch42_WalkerBulldog_M41D,8,lightTank,M41D,M41D,170,2216.8,192,0.35,1.5,9,68,31.2,1100,25,25.0,410,1385,4
51841,S15_L_60,2,lightTank,L-60,L-60,12,1020.24,27,0.48,2.0,10,48,21.92,360,13,13.0,280,1227,9
4113,G24_VK3002DB,7,mediumTank,VK 30.02 (D),VK 30.02 D,350,2656.5,64,0.55,2.3,8,60,20.12,1250,80,120.0,380,416-1108,2
8273,GB39_Universal_CarrierQF2,2,AT-SPG,Universal Carrier 2-pdr,UC 2-pdr,70,1354.5,57,0.45,1.7,5,48,20.66,240,10,,300,651,6
5409,A23_M7_med,5,lightTank,M7,M7,75,1500.0,105,0.43,2.3,8,60,25.76,540,38,52.0,360,459-917,3
2705,Pl11_45TP_Habicha,7,heavyTank,45TP Habicha,45TP,240,1800.0,156,0.4,2.3,8,35,16.61,1200,100,170.0,350,1364,10
52737,R67_M3_LL,3,lightTank,М3 лёгкий,М3 лёгкий,40,960.0,48,0.46,1.9,10,61,22.31,390,38,38.0,280,501-1188,1
6705,Ch31_M3G_FT,3,AT-SPG,M3G FT,M3G FT,85,1545.3,112,0.42,2.3,5,55,23.67,285,25,,310,1298,4
3841,R16_SU-18,2,SPG,СУ-18,СУ-18,180,1350.0,21,0.76,4.5,3,22,11.51,140,16,,260,520-973,1
673,It06_M14_41,2,mediumTank,M14/41,M14/41,50,1154.0,52,0.43,2.0,10,32,10.36,380,30,42.0,300,1345,11
5137,G16_PzVIB_Tiger_II,8,heavyTank,Tiger II,Tiger II,280,2153.2,203,0.34,2.3,8,38,10.01,1600,160,245.0,390,381-908,2
9297,GB48_FV215b_183,10,AT-SPG,FV215b (183),FV215b 183,1150,2300.0,310,0.4,3.4,5,34,13.33,2000,152,254.0,390,632,6
113,Cz06_Kolohousenka,1,lightTank,Kolohousenka,K-housenka,50,967.5,45,0.42,1.9,10,25,6.31,235,14,14.0,280,976,8
6433,A109_T56_GMC,3,AT-SPG,T56 GMC,T56 GMC,110,1178.1,101,0.42,2.2,5,50,26.27,285,38,,290,932,3
53761,R78_SU_85I,5,AT-SPG,СУ-85И,СУ-85И,160,2132.8,119,0.42,2.3,5,50,13.4,500,60,,330,470-1154,1
7729,Ch35_T-34-2G_FT,7,AT-SPG,T-34-2G FT,T-34-2G FT,390,2464.8,192,0.4,3.0,5,50,16.25,800,70,,360,1292,4
4865,R14_SU-5,4,SPG,СУ-5,СУ-5,180,1800.0,21,0.71,4.5,5,30,12.61,245,15,,250,475-1159,1
59217,GB105_Black_Prince_2019,6,heavyTank,A43 BP prototype,A43 BP,150,1698.0,171,0.37,2.5,8,20,12.0,1000,152,152.0,360,1430,6
61953,R122_T44_100,8,mediumTank,Т-44-100,Т-44-100,250,2000.0,190,0.35,2.0,7,52,22.69,1350,90,190.0,380,905,1
6161,G25_PzII_Luchs,4,lightTank,Pz.Kpfw. II Luchs,Luchs,11,1692.35,39,0.45,1.4,10,60,27.93,520,30,50.0,360,507-967,2
56353,A101_M56,7,AT-SPG,M56 Scorpion,Scorpion,240,1845.6,219,0.33,1.9,10,45,28.0,820,1,,350,775,3
18209,A100_T49,9,lightTank,T49,T49,240,2400.0,212,0.4,2.3,10,65,36.85,1400,25,38.0,410,468-1084,3
7697,G37_Ferdinand,8,AT-SPG,Ferdinand,Ferdinand,490,2513.7,246,0.35,2.3,8,30,12.58,1500,200,,370,388-1077,2
7457,A37_M40M43,8,SPG,M40/M43,M40/M43,900,1170.0,52,0.77,5.3,5,39,13.45,400,108,,290,409-1072,3
8529,GB72_AT15,8,AT-SPG,AT 15,AT 15,230,2760.0,226,0.3,1.7,10,20,10.75,1450,229,,370,634,6
54785,R49_SU100Y,6,AT-SPG,СУ-100Y,СУ-100Y,440,1650.0,196,0.38,2.9,5,35,13.91,780,60,,350,614-1133,1
56081,G141_VK7501K,8,heavyTank,VK 75.01 (K),VK 75.01 K,490,1651.3,226,0.39,2.7,5,30,12.0,1600,180,250.0,380,1416,2
60241,GB37_Valliant,5,mediumTank,Valiant,Valiant,110,1571.9,91,0.41,2.5,13,19,7.68,800,114,114.0,340,1469,6
22529,R171_IS_3_II,9,heavyTank,ИС-3-II,ИС-3-II,300,2400.0,221,0.38,2.3,8,38,14.86,1800,145,280.0,380,1442,1
57377,A111_T25_Pilot,8,mediumTank,T25 Pilot Number 1,T25 Pilot 1,240,1845.6,192,0.36,2.0,10,55,14.2,1450,76,76.0,390,984,3
11345,GB29_Crusader_5inch,7,SPG,Crusader 5.5-in. SP,Crusader SP,450,2250.0,28,0.66,4.0,5,14,23.3,350,28,,275,696,6
8481,A38_T92,10,SPG,T92 HMC,T92 HMC,1100,1342.0,60,0.83,5.9,0,32,8.64,500,25,,310,392-1040,3
6913,R25_GAZ-74b,4,AT-SPG,СУ-85Б,СУ-85Б,85,2217.65,112,0.34,1.7,5,43,17.27,400,25,,310,488-1025,1
11073,F37_AMX50_Foch,9,AT-SPG,AMX 50 Foch,Foch,400,2332.0,257,0.35,2.5,6,50,19.93,1550,180,,380,547-1063,5
49921,R133_KV_122,7,heavyTank,КВ-122,КВ-122,390,1758.9,175,0.46,3.2,6,42,15.05,1200,75,100.0,360,1230,1
8209,G52_Pz38_NA,4,lightTank,Pz.Kpfw. 38 (t) n.A.,Pz. 38 nA,11,1692.35,39,0.45,1.3,10,64,23.06,520,30,30.0,370,481-921,2
12369,GB31_Conqueror_Gun,10,SPG,Conqueror Gun Carriage,ConquerorGC,1000,1300.0,59,1.08,6.1,0,34,14.73,530,130,,290,692,6
2177,S17_EMIL_1952_E2,9,heavyTank,Emil II,Emil II,440,2556.4,252,0.38,2.8,12,56,14.91,1700,80,215.0,380,1233,9
1185,It07_P26_40,4,mediumTank,P26/40,P26/40,110,1650.0,92,0.41,2.2,10,40,15.82,540,50,50.0,330,1342,11
9505,A66_M103,9,heavyTank,M103,M103,400,2400.0,258,0.37,2.3,8,34,15.17,1850,229,254.0,390,367-1061,3
785,G07_Pz35t,2,lightTank,Pz.Kpfw. 35 (t),Pz. 35 (t),11,1294.15,39,0.45,1.6,10,35,20.91,360,25,25.0,320,526-895,2
7937,R40_T-54,9,mediumTank,Т-54,Т-54,320,2595.2,201,0.39,2.5,6,56,20.01,1650,120,240.0,390,376-1069,1
12097,F36_AMX_AC_Mle1948,8,AT-SPG,AMX AC mle. 48,AMX AC 48,240,2284.8,212,0.34,1.7,6,50,17.09,1000,150,,370,548-956,5
2849,A13_T34_hvy,8,heavyTank,T34,T34,400,1600.0,248,0.35,3.2,10,35,14.28,1500,102,279.0,380,383-907,3
9233,G61_G_E,10,SPG,G.W. E 100,G.W. E 100,900,1386.0,53,0.76,4.8,0,40,10.34,550,80,,310,391-1039,2
59425,A13_T34_hvy_BF,8,heavyTank,T34 B,T34 B,400,1600.0,248,0.35,3.2,10,35,14.28,1500,102,279.0,380,1251,3
13393,GB44_Archer,5,AT-SPG,Archer,Archer,150,1915.5,171,0.36,2.3,7,12,11.81,470,20,,360,793,6
4913,Ch15_59_16,6,lightTank,59-16,59-16,115,1815.85,138,0.4,2.0,5,60,27.77,670,30,45.0,360,625,4
10529,A58_T67,5,AT-SPG,T67,T67,115,2156.25,128,0.41,1.9,10,61,25.72,470,13,25.0,340,769-1022,3
2865,Ch11_110,8,heavyTank,110,110,390,1950.0,175,0.46,3.4,5,40,11.49,1550,120,201.0,380,621,4
8961,R46_KV-13,7,mediumTank,КВ-13,КВ-13,450,2367.0,61,0.57,2.9,5,50,16.93,1120,120,100.0,360,417-1110,1
1937,Pl07_14TP,4,lightTank,14TP,14TP,50,1558.5,52,0.4,2.5,8,50,19.09,550,30,30.0,330,1368,10
13121,F44_Somua_S35,3,mediumTank,Somua S35,Somua S35,55,1320.0,45,0.38,1.3,16,45,11.34,445,47,40.0,330,822,5
10257,G54_E-50,9,mediumTank,E 50,E 50,280,2800.0,223,0.29,2.0,8,60,14.3,1750,150,215.0,400,371-1064,2
60449,A122_TS-5,8,AT-SPG,TS-5,TS-5,400,2824.0,248,0.44,1.8,5,26,12.5,1500,260,,370,1406,3
10753,R63_ST_I,9,heavyTank,СТ-I,СТ-I,440,2076.8,258,0.4,3.4,8,40,11.48,1900,150,250.0,380,540-1062,1
849,GB07_Matilda,4,mediumTank,Matilda,Matilda,175,2625.0,38,0.53,1.9,10,24,7.06,570,75,75.0,340,599,6
63041,F73_M4A1_Revalorise,8,mediumTank,M4A1 Revalorisé,M4A1 Rev.,390,1829.1,200,0.35,2.4,10,40,15.71,1400,51,64.0,390,856,5
1665,S13_Leo,7,mediumTank,Leo,Leo,150,1999.5,115,0.33,1.8,10,60,20.08,1100,70,70.0,370,1239,9
2897,GB08_Churchill_I,5,heavyTank,Churchill I,Churchill I,175,2917.25,38,0.51,1.9,10,26,8.85,920,178,89.0,350,596,6
60177,G106_PzKpfwPanther_AusfF,8,mediumTank,"Panther mit 8,8 cm L/71","Panther 8,8",280,2436.0,203,0.32,2.5,8,46,15.05,1500,85,120.0,390,776,2
865,J03_Ha_Go,2,lightTank,Type 95 Ha-Go,Ha-Go,75,1323.75,30,0.5,2.1,15,40,16.75,350,12,35.0,300,738-975,7
62977,R127_T44_100_P,8,mediumTank,Т-44-100 (Р),Т-44-100 (Р),250,2000.0,190,0.35,2.0,7,52,22.69,1350,90,190.0,380,977,1
11281,G39_Marder_III,4,AT-SPG,Marder 38T,Marder 38T,110,1736.9,108,0.35,1.7,9,47,16.65,415,50,,320,720-920,2
15441,GB87_Chieftain_T95_turret,8,mediumTank,Chieftain/T95,Chieftain/T95,240,1920.0,202,0.36,2.2,10,42,17.0,1400,85,254.0,400,902,6
145,Pl03_PzV_Poland,6,mediumTank,Pudel,Pudel,135,1929.15,150,0.35,2.3,8,55,15.82,940,85,100.0,370,1294,10
54289,G51_Lowe,8,heavyTank,Löwe,Löwe,320,1600.0,234,0.33,2.86,10,35,11.11,1650,150,120.0,400,379-1074,2
12577,A78_M4_Improved,5,mediumTank,M4 Improved,M4 Improved,110,1650.0,92,0.44,2.1,10,56,16.88,630,51,76.0,370,806,3
20737,R153_Object_705,9,heavyTank,Объект 705,Об. 705,440,2200.0,248,0.4,3.0,5,40,13.89,2000,155,300.0,380,1329,1
59905,R112_T54_45,8,mediumTank,Т-54 первый образец,Т-54 обр. 1,250,1875.0,190,0.36,2.2,7,44,21.41,1300,120,200.0,380,804,1
64065,F65_FCM_50t,8,heavyTank,FCM 50 t,FCM 50 t,240,2116.8,212,0.36,2.3,10,51,23.05,1500,120,120.0,400,588-859,5
13089,A83_T110E4,10,AT-SPG,T110E4,T110E4,750,2310.0,295,0.37,2.9,6,35,13.67,2000,260,203.0,390,569-847,3
58449,GB101_FV1066_Senlac,8,lightTank,FV1066 Senlac,Senlac,180,1963.8,189,0.35,1.8,10,65,35.15,1050,22,32.0,410,1417,6
8449,R51_Object_212,9,SPG,212А,212А,600,1440.0,38,0.65,4.5,1,35,15.45,460,60,,270,410-899,1
11009,R73_KV4,8,heavyTank,КВ-4,КВ-4,320,2134.4,227,0.36,2.3,6,30,11.25,1700,180,220.0,350,542-1076,1
15169,F50_FCM36_20t,2,lightTank,FCM 36,FCM 36,40,857.2,34,0.48,2.0,17,24,8.52,280,40,40.0,280,823,5
3985,Pl18_BUGI,6,mediumTank,B.U.G.I.,B.U.G.I.,410,2964.3,53,0.5,2.6,8,55,17.74,840,55,100.0,360,1476,10
897,S04_Lago_I,4,mediumTank,Lago,Lago,75,1698.0,91,0.38,2.5,10,45,17.69,540,34,34.0,330,1244,9
12305,G73_E50_Ausf_M,10,mediumTank,E 50 Ausf. M,E 50 M,390,2437.5,270,0.3,2.1,8,60,19.26,2050,150,250.0,400,565-1049,2
62497,A130_Super_Hellcat,7,AT-SPG,Super Hellcat,Super Hellcat,240,1800.0,167,0.35,1.7,10,72,23.54,800,13,76.0,370,1440,3
10049,F33_S_35CA,5,AT-SPG,S35 CA,S35 CA,240,1713.6,135,0.4,2.7,9,37,12.95,430,56,,340,557-1152,5
4193,J25_Type_4,9,heavyTank,Type 4 Heavy,Type 4 Heavy,900,2457.0,75,0.49,3.2,10,25,7.43,2050,250,250.0,390,873,7
64273,G119_Pz58_Mutz,8,mediumTank,Panzer 58 Mutz,Pz. 58 Mutz,250,1875.0,212,0.34,2.3,10,50,17.09,1350,90,120.0,390,959,2
44289,R165_Object_703_II,8,heavyTank,Объект 703 Вариант II,703 II (122),390,1872.0,221,0.44,3.5,5,38,12.0,1500,140,220.0,350,1437,1
2961,Pl13_53TP_Markowskiego,8,heavyTank,53TP Markowskiego,53TP,320,2134.4,192,0.38,2.0,8,40,14.33,1450,110,210.0,370,1363,10
45585,G81_Pz_IV_AusfH_GuP,5,mediumTank,Pz.Kpfw. IV Ausf. H Ankou,Pz. IV H Ankou,110,1650.0,110,0.39,2.3,10,40,17.6,630,80,50.0,350,1539,2
2977,It15_Rinoceronte,10,heavyTank,Rinoceronte,Rinoceronte,490,1871.8,268,0.33,2.0,10,40,15.65,2000,135,190.0,390,1530,11
58913,A117_T26E5,8,heavyTank,T26E5,T26E5,240,1999.2,230,0.38,2.3,10,40,15.17,1500,152,191.0,390,1228,3
13345,A80_T26_E4_SuperPershing,8,mediumTank,T26E4 SuperPershing,T26E4,240,1800.0,202,0.38,2.3,10,40,14.24,1500,102,102.0,390,550-812,3
45313,R160_T_50_2,6,lightTank,Т-50-2,Т-50-2,85,1700.0,118,0.38,1.8,7,65,34.38,650,37,52.0,370,1378,1
14625,A90_T69,8,mediumTank,T69,T69,150,1933.5,175,0.38,2.3,9,52,16.13,1350,102,152.0,400,611-1085,3
3441,Cz18_TNH_105_1000,8,heavyTank,TNH 105/1000,TNH 105/1000,320,1920.0,224,0.35,2.3,7,50,15.62,1500,125,230.0,370,1554,8
46609,G142_M48RPz,8,mediumTank,M48A2 Räumpanzer,M48 RPz,240,2056.8,205,0.4,1.7,9,40,13.0,1500,152,254.0,380,1427,2
577,F01_RenaultFT,1,lightTank,Renault FT,FT,8,939.12,23,0.58,2.0,10,21,8.15,245,16,22.0,280,535-1214,5
4737,S11_Strv_103B,10,AT-SPG,Strv 103B,Strv 103B,390,3342.3,308,0.3,3.0,-1,50,18.11,1800,40,,360,1232,9
63249,G116_Turan_III_prot,5,mediumTank,Turán III prototípus,Turán III PT,110,1650.0,113,0.39,2.2,10,40,13.0,750,50,75.0,330,918,2
17217,F88_AMX_13_105,10,lightTank,AMX 13 105,AMX 13 105,390,2164.5,234,0.42,2.3,8,68,37.5,1400,50,40.0,390,1266,5
14353,G85_Auf_Panther,7,lightTank,Aufklärungspanzer Panther,Aufkl.Panther,135,1557.9,157,0.33,1.6,10,55,22.28,1050,85,50.0,380,672-1100,2
2209,It14_P44_Pantera,8,mediumTank,P.44 Pantera,P.44 Pantera,240,1800.0,165,0.34,2.2,8,60,22.35,1400,80,120.0,380,1338,11
46337,R127_T44_100_U,8,mediumTank,Т-44-100 (У),Т-44-100 (У),250,2000.0,190,0.35,2.0,7,52,22.69,1350,90,190.0,380,1374,1
305,Ch02_Type62,7,lightTank,Type 62,Type 62,180,1963.8,145,0.37,2.3,5,60,20.48,880,35,45.0,390,437,4
1793,R15_S-51,7,SPG,С-51,С-51,600,1440.0,38,0.69,5.4,2,30,11.95,350,60,,275,426-1094,1
47633,G139_MKA,2,lightTank,MKA,MKA,55,868.45,50,0.42,2.3,10,40,16.67,400,25,25.0,320,1386,2
1601,F02_D1,2,lightTank,D1,D1,50,1200.0,25,0.53,1.7,18,28,6.09,340,30,40.0,300,521-1193,5
5953,F13_AMX38,3,lightTank,AMX 38,AMX 38,55,1031.25,45,0.47,2.5,6,25,9.97,390,60,60.0,310,496-1176,5
18241,F107_Hotchkiss_EBR,7,lightTank,Hotchkiss EBR,EBR Hotch.,110,1601.6,120,0.4,1.8,10,70,35.71,750,40,40.0,310,1394,5
15377,G94_GW_Tiger_P,8,SPG,G.W. Tiger (P),G.W. Tiger P,750,1365.0,44,0.67,4.8,2,35,8.53,440,100,,290,683-1070,2
33,A21_T14,5,heavyTank,T14,T14,110,1732.5,92,0.46,2.06,10,34,15.07,900,51,102.0,330,448-1136,3
54097,GB71_AT_15A,7,AT-SPG,AT 15A,AT 15A,150,2092.5,171,0.32,1.9,10,20,10.0,1050,229,,350,591,6
47361,R146_STG_Tday,8,mediumTank,СТГ Гвардеец,Гвардеец,390,1801.8,212,0.33,2.5,6,50,16.07,1350,100,210.0,370,1303,1
16673,A94_T37,6,lightTank,T37,T37,115,1865.3,126,0.45,1.7,9,65,25.66,680,25,32.0,370,766-792,3
593,GB14_M2,2,lightTank,M2,M2,40,923.2,48,0.47,2.1,10,58,22.56,330,38,38.0,320,798,6
2625,F06_ARL_44,6,heavyTank,ARL 44,ARL 44,115,1815.85,128,0.43,2.3,10,37,16.31,920,120,110.0,350,420-880,5
15105,R43_T-70,3,lightTank,Т-70,Т-70,55,1320.0,75,0.37,2.3,4,45,16.95,410,35,35.0,310,678-1190,1
3921,GB11_Caernarvon,8,heavyTank,Caernarvon,Caernarvon,280,2584.4,220,0.34,2.3,10,34,13.12,1600,130,254.0,400,587,6
51985,G34_S35_captured,3,mediumTank,Pz.Kpfw. S35 739 (f),Pz. S35,52,1436.76,55,0.39,1.14,10,37,11.43,465,36,56.0,330,509-931,2
8081,Pl22_CS_59,9,mediumTank,CS-59,CS-59,390,2659.8,252,0.38,2.5,9,50,17.99,1800,110,130.0,390,1471,10
15361,R42_T-60,2,lightTank,Т-60,Т-60,10,1142.9,28,0.53,1.7,7,45,13.31,340,35,25.0,300,679-1207,1
16401,G97_Waffentrager_IV,9,AT-SPG,Waffenträger auf Pz. IV,WT auf Pz. IV,560,2895.2,276,0.33,2.1,5,38,14.54,1600,80,,370,715-1068,2
1057,A05_M4_Sherman,5,mediumTank,M4A1 Sherman,M4A1,410,2734.7,53,0.55,2.5,12,48,14.79,600,51,64.0,370,457-999,3
58881,R113_Object_730,8,heavyTank,ИС-5 (Объект 730),ИС-5,390,1856.4,221,0.46,3.2,7,42,14.27,1550,120,201.0,360,805,1
55313,G65_JagdTiger_SdKfz_185,8,AT-SPG,"8,8 cm Pak 43 Jagdtiger","JgTig.8,8 cm",240,2822.4,212,0.31,1.8,7,38,10.05,1500,250,,390,543-901,2
48385,R135_T_103,8,AT-SPG,Т-103,Т-103,440,2358.4,258,0.36,2.3,8,40,14.29,1250,100,220.0,380,1279,1
1041,G05_StuG_40_AusfG,5,AT-SPG,StuG III Ausf. G,StuG III G,350,2915.5,64,0.53,1.7,7,40,18.39,460,80,,310,744-1021,2
53841,GB63_TOG_II,6,heavyTank,TOG II*,TOG II*,150,1800.0,171,0.36,2.3,10,14,7.38,1560,76,114.0,360,594,6
16129,R91_SU14_1,7,SPG,СУ-14-1,СУ-14-1,600,1440.0,38,0.69,5.3,0,30,14.4,350,20,,260,685-1095,1
50977,A134_M24E2_SuperChaffee,6,lightTank,M24E2 Super Chaffee,Super Chaffee,115,1532.95,120,0.44,1.7,10,56,28.75,660,25,32.0,380,1485,3
4945,GB04_Valentine,3,lightTank,Valentine,Valentine,50,967.5,78,0.38,1.7,8,24,9.05,390,60,65.0,320,600,6
3105,A04_M3_Grant,4,mediumTank,M3 Lee,M3 Lee,110,2200.0,92,0.41,2.1,9,38,15.6,475,51,,320,478-1165,3
17425,G80_Pz_IV_AusfD,4,mediumTank,Pz.Kpfw. IV Ausf. D,Pz. IV D,70,1999.9,60,0.46,2.0,10,42,22.06,540,30,30.0,340,746-1169,2
5217,J28_O_I_100,7,heavyTank,O-Ni,O-Ni,700,1750.0,121,0.56,3.5,10,25,12.02,1550,175,200.0,380,878,7
64817,Ch24_Type64,6,lightTank,Type 64,Type 64,115,2090.7,128,0.4,2.1,10,72,21.74,650,25,25.0,390,709,4
49409,R61_Object252_BF,8,heavyTank,ИС-6 Ч,ИС-6 Ч,390,2000.7,196,0.44,2.8,6,35,13.59,1550,110,150.0,350,1252,1
18721,A27_T82,4,SPG,T82 HMC,T82 HMC,410,1894.2,27,0.78,5.0,7,64,20.28,200,29,,255,919,3
3121,Ch09_M5,4,lightTank,M5A1 Stuart,M5A1 Stuart,70,1680.0,81,0.42,2.3,10,64,24.91,520,29,45.0,350,628,4
513,R01_IS,7,heavyTank,ИС,ИС,250,1972.5,175,0.38,2.7,7,34,15.25,1230,120,100.0,350,407-990,1
54865,GB76_Mk_VIC,2,lightTank,Light Mk. VIC,Light VIC,9,921.42,27,0.52,1.5,10,53,16.92,300,14,14.0,300,721,6
1809,G09_Hetzer,4,AT-SPG,Jagdpanzer 38(t) Hetzer,Hetzer,350,2443.0,64,0.53,1.7,7,42,12.93,415,60,,260,1164,2
52001,A33_MTLS-1G14,3,lightTank,MTLS-1G14,MTLS-1G14,40,941.2,68,0.42,1.5,12,55,26.25,410,38,38.0,280,503-1180,3
5969,GB23_Centurion,8,mediumTank,Centurion Mk. I,Centurion I,150,2143.5,171,0.34,2.1,10,50,16.85,1450,76,254.0,400,589,6
7233,F24_Lorraine155_50,7,SPG,Lorraine 155 mle. 50,Lorr. 155 50,630,1379.7,39,0.71,5.2,0,60,23.35,340,40,,270,553-1092,5
18449,G103_RU_251,9,lightTank,Spähpanzer Ru 251,Ru 251,240,2056.8,215,0.36,2.0,10,70,35.26,1400,25,20.0,410,762,2
52065,J18_STA_2_3,8,mediumTank,STA-2,STA-2,240,1920.0,212,0.35,1.9,10,55,19.12,1420,45,70.0,400,786,7
4401,Ch08_Type97_Chi_Ha,3,lightTank,Type 2597 Chi-Ha,Chi-Ha,75,1500.0,30,0.46,2.3,15,40,15.28,425,25,35.0,330,629,4
7249,GB86_Centurion_Action_X,10,mediumTank,Centurion Action X,Centurion AX,390,2722.2,268,0.32,2.1,10,53,18.91,1950,121,254.0,410,898,6
51729,G36_PzII_J,3,lightTank,Pz.Kpfw. II Ausf. J,Pz. II J,11,1571.46,23,0.57,1.4,10,31,8.94,465,80,80.0,320,506-890,2
5697,F75_Char_de_25t,9,mediumTank,Bat.-Châtillon 25 t AP,B-C 25 t AP,240,1936.8,170,0.38,2.9,6,65,22.35,1600,30,25.0,380,981,5
2833,G11_Bison_I,3,SPG,Sturmpanzer I Bison,Bison,350,920.5,35,0.86,6.5,4,40,13.99,230,13,,245,518-924,2
6993,GB69_Cruiser_Mk_II,2,lightTank,Cruiser Mk. II,Cruiser II,45,1038.6,40,0.4,1.7,15,40,10.46,360,30,30.0,300,601,6
52321,J19_Tiger_I_Jpn,6,heavyTank,Heavy Tank No. VI,HT No. VI,220,1885.4,145,0.38,2.3,8,40,11.4,1060,100,100.0,370,842,7
19473,G134_PzKpfw_VII,10,heavyTank,Pz.Kpfw. VII,Pz.Kpfw. VII,560,2100.0,258,0.37,2.6,7,33,10.0,2500,240,200.0,400,1276,2
4129,A18_M41,5,SPG,M41 HMC,M41 HMC,500,1200.0,38,0.82,7.0,4,56,15.35,300,13,,260,453-884,3
18961,G113_SP_I_C,7,lightTank,Spähpanzer SP I C,SP I C,220,1467.4,158,0.36,2.2,10,58,24.29,880,10,15.0,390,861,2
51457,R32_Matilda_II_LL,5,mediumTank,Матильда IV,Матильда IV,110,1776.5,86,0.41,1.71,14,25,9.99,800,75,75.0,350,460-1153,1
5425,Ch22_113,10,heavyTank,113,113,440,2640.0,249,0.37,2.8,7,50,16.67,2300,120,290.0,400,616,4
3185,Cz16_TNH_T_vz51,9,heavyTank,TNH T Vz. 51,TNH T Vz. 51,320,2400.0,224,0.35,2.1,7,50,14.5,1900,130,300.0,380,1546,8
3649,F18_Bat_Chatillon25t,10,mediumTank,Bat.-Châtillon 25 t,B-C 25 t,240,2460.0,170,0.38,2.3,6,65,29.41,1800,60,50.0,400,370-1048,5
2561,R07_T-34-85,6,mediumTank,Т-34-85,Т-34-85,450,2367.0,61,0.57,2.9,7,54,17.96,810,45,90.0,360,443-1020,1
6721,F05_BDR_G1B,5,heavyTank,BDR G1 B,BDR G1 B,110,1736.9,100,0.43,2.3,8,30,12.15,920,60,80.0,320,445-1135,5
19201,R132_VNII_100LT,10,lightTank,Т-100 ЛТ,Т-100 ЛТ,300,2307.0,230,0.46,2.0,5,72,48.0,1500,90,180.0,390,1270,1
8017,GB42_Valentine_AT,4,AT-SPG,Valentine AT,Valentine AT,370,2775.0,47,0.49,2.5,5,24,11.05,405,60,,330,649,6
1153,S02_Strv_M42,5,mediumTank,Strv m/42,Strv m/42,110,1500.4,88,0.38,2.3,15,45,18.45,590,55,55.0,350,1243,9
5153,A22_M5_Stuart,4,lightTank,M5 Stuart,M5 Stuart,40,1212.4,56,0.42,1.7,10,64,22.96,520,29,45.0,360,479-1166,3
9473,R41_T-50,5,lightTank,Т-50,Т-50,70,1826.3,90,0.4,2.0,7,60,28.45,550,37,37.0,350,490-1173,1
46353,G147_Kunze_Panzer,9,mediumTank,Kunze Panzer,Kunze Panzer,390,2515.5,268,0.42,2.7,10,65,21.79,1600,40,63.0,400,1534,2
52481,R31_Valentine_LL,4,lightTank,Валентайн II,Валентайн II,47,1233.75,51,0.41,1.71,6,32,8.91,580,60,65.0,350,485-1172,1
6449,Ch30_T-26G_FT,2,AT-SPG,T-26G FT,T-26G FT,70,1448.3,81,0.38,2.1,6,36,12.0,250,18,,270,1299,4
1617,GB17_Grant_I,4,mediumTank,Grant,Grant,110,2200.0,92,0.41,2.1,9,39,13.68,490,51,,325,796,6
1169,Pl14_4TP,1,lightTank,4TP,4TP,11,1139.6,30,0.48,2.0,8,35,17.72,235,11,10.0,280,1371,10
3585,R17_SU-100,6,AT-SPG,СУ-100,СУ-100,160,2182.4,120,0.43,2.3,6,50,16.47,650,75,,350,442-995,1
7745,F30_RenaultFT_AC,2,AT-SPG,Renault FT AC,FT AC,55,1434.95,66,0.37,1.9,15,21,9.6,240,16,,300,563-1197,5
4881,G102_Pz_III,3,lightTank,Pz.Kpfw. III Ausf. E,Pz. III E,70,1680.0,60,0.48,2.3,10,68,26.17,425,30,30.0,320,1182-1226,2
55073,A93_T7_Combat_Car,2,lightTank,T7 Combat Car,T7 Car,8,817.84,27,0.53,1.7,15,56,26.31,300,16,13.0,280,722-1201,3
9041,GB57_Alecto,4,AT-SPG,Alecto,Alecto,370,2960.0,47,0.49,2.1,5,51,22.5,415,6,,330,644,6
3233,It16_Carro_d_assalto_P88,7,heavyTank,Carro d'assalto P.88,Carro P.88,240,1999.2,164,0.4,2.2,8,35,14.44,1250,100,100.0,350,1533,11
7441,G58_VK4502P,9,heavyTank,VK 45.02 (P) Ausf. B,VK 45.02 B,320,2156.8,200,0.37,2.3,6,30,10.76,1950,200,265.0,400,368-839,2
6177,A46_T3,2,AT-SPG,T3 HMC,T3 HMC,175,1499.75,38,0.53,3.0,7,72,31.41,220,16,,270,940,3
881,Cz11_V_8_H,4,mediumTank,ST vz. 39,ST vz. 39,60,1440.0,86,0.36,2.0,10,45,15.39,540,32,60.0,340,968,8
19457,R131_Tank_Gavalov,7,lightTank,ЛТГ,ЛТГ,160,2000.0,126,0.42,2.5,5,63,26.02,880,40,110.0,360,1274,1
53505,R56_T-127,3,lightTank,Т-127,Т-127,47,1233.75,51,0.43,2.06,8,38,19.84,445,40,40.0,320,515-1029,1
7473,Ch34_WZ131G_FT,6,AT-SPG,WZ-131G FT,WZ-131G FT,180,2250.0,145,0.36,1.7,5,50,22.17,620,35,,350,1295,4
57169,GB95_Ekins_Firefly_M4A4,6,mediumTank,Sherman VC Firefly,Firefly VC,150,1999.5,171,0.36,2.1,6,40,12.8,840,51,76.0,370,1356,6
4609,R09_T-26,2,lightTank,Т-26,Т-26,47,1226.23,51,0.46,2.3,8,36,13.37,360,15,15.0,310,533-1205,1
18433,R107_LTB,8,lightTank,ЛТТБ,ЛТТБ,180,1999.8,170,0.36,2.1,5,68,33.95,1050,90,90.0,380,765,1
58961,GB100_Manticore,10,lightTank,Manticore,Manticore,390,1673.1,248,0.38,1.9,8,68,42.74,1400,50,80.0,400,1421,6
5905,G19_Wespe,3,SPG,Wespe,Wespe,410,1230.0,27,0.8,6.0,5,40,13.69,230,30,,250,494-926,2
56097,A104_M4A3E8A,6,mediumTank,M4A3E8 Fury,Fury,115,2090.7,128,0.4,2.3,10,42,14.5,840,64,64.0,370,772,3
10065,GB75_AT7,7,AT-SPG,AT 7,AT 7,140,2545.2,148,0.32,1.7,5,20,11.35,1250,203,,350,635,6
7201,A31_M36_Slagger,6,AT-SPG,M36 Jackson,Jackson,115,2225.25,128,0.35,1.7,10,42,14.67,660,114,76.0,370,432-1123,3
1569,A07_T20,7,mediumTank,T20,T20,410,3075.0,53,0.55,2.3,10,56,17.87,1100,64,89.0,390,413-991,3
54529,R84_Tetrarch_LL,2,lightTank,Тетрарх,Тетрарх,45,945.0,64,0.4,2.29,10,64,24.84,280,16,16.0,260,524-1208,1
8497,Ch38_WZ113G_FT,10,AT-SPG,WZ-113G FT,WZ-113G FT,750,2647.5,290,0.38,2.5,6,38,11.82,2100,230,,390,1287,4
10497,R77_KV2,6,heavyTank,КВ-2,КВ-2,450,2452.5,61,0.57,2.9,7,35,12.24,960,75,75.0,330,544-1118,1
32769,R183_K_91_PT,9,AT-SPG,К-91-ПТ,К-91-ПТ,390,2722.2,258,0.4,2.6,6,52,20.04,1600,260,,390,1535,1
59985,GB99_Turtle_Mk1,8,AT-SPG,Turtle Mk. I,Turtle I,330,2910.6,224,0.36,1.9,10,20,13.33,1400,254,,370,1432,6
6929,G42_Maus,10,heavyTank,Maus,Maus,490,2209.9,246,0.36,2.1,8,20,9.26,3000,200,260.0,400,362-1044,2
57121,A63_M46_Patton_KR,8,mediumTank,M46 Patton KR,M46 KR,240,1946.4,192,0.38,2.2,10,48,18.41,1450,102,127.0,390,958,3
11089,GB28_Bishop,5,SPG,Bishop,Bishop,450,2092.5,28,0.72,4.5,5,24,9.25,460,60,,250,699,6
337,GB05_Vickers_Medium_Mk_II,2,mediumTank,Vickers Medium Mk. II,Medium II,70,1166.9,45,0.52,1.9,7,40,11.44,380,8,8.0,300,607,6
8225,A39_T28,8,AT-SPG,T28,T28,400,2636.0,248,0.38,2.1,5,22,13.01,1500,254,,370,389-1083,3
15393,A89_T54E1,9,heavyTank,T54E1,T54E1,390,2191.8,248,0.4,2.9,8,35,14.88,1850,152,127.0,400,610-954,3
10817,F35_AMX_AC_Mle1946,7,AT-SPG,AMX AC mle. 46,AMX AC 46,240,2284.8,135,0.38,1.7,10,50,17.15,820,120,,350,552-911,5
7953,G44_JagdTiger,9,AT-SPG,Jagdtiger,Jagdtiger,560,2945.6,276,0.33,2.3,7,38,9.27,2100,250,,390,372-871,2
12113,GB79_FV206,8,SPG,FV207,FV207,650,1300.0,38,0.65,4.5,1,29,12.5,430,51,,265,694,6
31745,R177_ISU_152K_BL10,8,AT-SPG,ИСУ-152К,ИСУ-152К,750,2370.0,286,0.43,3.5,5,40,12.72,1200,90,,350,1465,1
4993,S29_UDES_14_5,8,mediumTank,UDES 14 Alt 5,UDES 14 5,240,1999.2,196,0.36,1.9,6,55,26.01,1400,35,66.0,390,1411,9
56577,R86_LTP,3,lightTank,ЛТП,ЛТП,47,1175.0,51,0.46,2.1,8,45,15.45,410,30,30.0,310,702-972,1
60737,F113_Bretagne_Panther,6,mediumTank,Bretagne Panther,Bret. Panther,135,1929.15,150,0.35,2.3,8,55,15.38,940,80,100.0,370,1419,5
19729,G115_Typ_205B,8,heavyTank,VK 100.01 (P),VK 100.01 P,320,1958.4,200,0.36,2.1,8,20,10.01,1700,200,230.0,400,875-1259,2
7681,R66_SU-26,3,SPG,СУ-26,СУ-26,180,1636.2,21,0.73,4.5,2,30,15.72,195,15,,260,495-1175,1
11841,F38_Bat_Chatillon155_58,10,SPG,Bat.-Châtillon 155 58,B-C 155 58,680,1700.0,48,0.61,4.5,0,62,20.57,490,16,,280,680-1038,5
8977,G49_G_Panther,7,SPG,G.W. Panther,G.W. Panther,600,1332.0,39,0.64,5.1,3,46,11.67,360,50,,275,424-1091,2
59169,A117_T26E5_Patriot,8,heavyTank,T26E5 Patriot,T26E5 P,240,1999.2,230,0.38,2.3,10,40,15.17,1500,152,191.0,390,1229,3
13137,GB81_FV4004,9,AT-SPG,FV4004 Conway,Conway,400,3076.0,259,0.32,1.9,10,40,18.62,1500,76,132.0,380,783,6
1313,A06_M4A3E8_Sherman,6,mediumTank,M4A3E8 Sherman,M4A3E8,410,3075.0,53,0.55,2.3,12,48,16.65,840,64,64.0,370,434-1124,3
10273,A57_M8A1,4,AT-SPG,M8A1,M8A1,175,2838.5,38,0.53,1.9,10,58,22.85,405,29,38.0,320,480-1167,3
4657,Ch21_T34,5,mediumTank,Type T-34,Type T-34,85,2217.65,112,0.34,2.3,5,55,17.33,590,45,52.0,350,627,4
61761,F89_Canon_dassaut_de_105,8,AT-SPG,AMX Canon d'assaut 105,AMX Cda 105,390,2035.8,260,0.3,2.0,8,55,26.79,1000,100,,360,1289,5
385,S03_Strv_M38,2,lightTank,Strv m/38,Strv m/38,14,1190.28,31,0.48,2.0,15,45,17.56,340,13,15.0,300,1249,9
1329,Ch06_Renault_NC31,1,lightTank,Renault NC-31,NC-31,36,939.24,40,0.46,2.0,6,25,11.38,235,16,22.0,280,631,4
13825,R87_T62A,10,mediumTank,Т-62А,Т-62А,320,2908.8,264,0.34,2.0,5,50,15.68,1950,100,240.0,400,571-848,1
8705,R52_Object_261,10,SPG,Объект 261,Об. 261,800,1504.0,45,0.59,4.5,3,50,17.77,510,75,,300,393-1041,1
10001,G66_VK2801,6,lightTank,VK 28.01,VK 28.01,70,1826.3,100,0.39,1.7,10,64,27.6,680,50,50.0,380,438-1128,2
60193,A115_Chrysler_K,8,heavyTank,Chrysler K,Chrysler K,320,1900.8,198,0.36,1.9,6,35,20.0,1500,152,254.0,380,1375,3
14161,GB41_Challenger,7,AT-SPG,Challenger,Challenger,150,2307.0,171,0.3,1.6,10,52,20.64,900,89,51.0,370,789,6
54033,G32_PzV_PzIV_ausf_Alfa,5,mediumTank,Pz.Kpfw. V/IV Alpha,Pz. V/IV A,110,1736.9,110,0.37,2.0,10,55,17.24,680,85,50.0,365,436-1149,2
11297,A68_T28_Prototype,8,AT-SPG,T28 Prototype,T28 Prot.,400,2376.0,248,0.38,2.1,10,28,11.76,1150,203,203.0,380,399-985,3
20481,R139_IS_M,8,heavyTank,ИС-М,ИС-М,390,2000.7,212,0.42,3.0,5,35,13.64,1500,130,250.0,350,1354,1
58625,R111_ISU130,8,AT-SPG,ИСУ-130,ИСУ-130,490,2856.7,238,0.37,2.1,8,38,12.77,1000,90,,380,787,1
57361,G77_PzIV_Schmalturm,6,mediumTank,Pz.Kpfw. IV Schmalturm,Pz. IV S.,135,1929.15,150,0.32,2.3,8,48,10.04,820,80,120.0,370,581-1125,2
62785,F74_AMX_M4_1949,8,heavyTank,AMX M4 mle. 49,AMX M4 49,300,1749.0,232,0.36,2.9,10,40,14.29,1500,190,250.0,370,906,5
1409,S07_Strv_74,6,mediumTank,Strv 74,Strv 74,150,1747.5,148,0.33,1.8,15,45,16.15,840,55,20.0,360,1241,9
7505,GB59_Cruiser_Mk_IV,4,lightTank,Cruiser Mk. IV,Cruiser IV,60,1694.4,86,0.43,1.9,15,48,26.17,520,30,30.0,340,602,6
13889,F64_AMX_50Fosh_155,10,AT-SPG,AMX 50 Foch (155),Foch 155,750,2250.0,293,0.36,3.0,6,50,17.36,1850,180,,380,564-978,5
11025,G43_Sturer_Emil,7,AT-SPG,Sturer Emil,St. Emil,300,2307.0,169,0.36,2.3,15,25,9.23,850,50,,370,717-1104,2
61217,A123_T78,6,AT-SPG,T78,T78,240,1735.2,160,0.38,2.0,10,55,21.86,670,25,76.0,370,1414,3
3425,J14_Type_61,9,mediumTank,Type 61,Type 61,240,2880.0,219,0.36,1.7,10,45,21.43,1750,55,85.0,400,725-1067,7
913,Pl08_50TP_prototyp,8,heavyTank,50TP prototyp,50TP pr.,440,1861.2,218,0.4,3.0,10,35,14.33,1500,170,210.0,380,1358,10
59649,R116_ISU122C_Berlin,7,AT-SPG,ИСУ-122С,ИСУ-122С,390,3162.9,175,0.41,2.9,6,43,13.1,870,90,,350,816,1
63809,F69_AMX13_57_100,7,lightTank,AMX 13 57,AMX 13 57,90,1878.3,143,0.37,2.3,6,61,17.01,890,50,40.0,390,788,5
1393,Cz08_T_25,6,mediumTank,Škoda T 25,Škoda T 25,110,1856.8,132,0.38,2.1,10,60,21.46,820,50,50.0,360,965,8
60945,G105_T-55_NVA_DDR,9,mediumTank,T 55A,T 55A,320,2492.8,221,0.33,2.0,5,50,20.0,1750,100,240.0,395,774,2
14913,F70_SARL42,4,mediumTank,SARL 42,SARL 42,55,1650.0,45,0.36,1.3,10,40,11.1,540,40,40.0,330,821,5
1073,Ch04_T34_1,7,mediumTank,T-34-1,T-34-1,160,2132.8,126,0.42,2.3,5,50,16.35,1150,60,170.0,370,623,4
12049,G72_JagdPz_E100,10,AT-SPG,Jagdpanzer E 100,Jg.Pz. E 100,1050,2446.5,299,0.35,2.7,6,30,8.96,2200,200,,390,566-1050,2
62241,A127_TL_1_LPC,8,mediumTank,TL-1 LPC,TL-1 LPC,280,1909.6,208,0.38,2.3,9,50,18.01,1400,89,178.0,400,1428,3
16209,GB107_Cavalier,5,mediumTank,Cavalier,Cavalier,370,2960.0,47,0.53,2.3,12,46,17.42,610,64,76.0,350,1462,6
51057,Cz14_Skoda_T-56,8,heavyTank,Škoda T 56,Škoda T 56,460,1936.6,208,0.42,3.0,8,35,13.54,1500,100,220.0,370,1540,8
52609,S23_Strv_81_sabaton,8,mediumTank,Primo Victoria,P:Victoria,230,1840.0,226,0.33,2.3,10,50,17.72,1450,76,254.0,400,1304,9
63537,Ch25_121_mod_1971B,10,mediumTank,121B,121B,390,2889.9,261,0.33,2.2,5,55,17.5,1950,135,275.0,420,826,4
2113,F28_105_leFH18B2,5,SPG,105 leFH18B2,leFH18B2,410,2644.5,53,0.74,5.1,4,28,9.45,340,60,,390,517-996,5
62017,F74_AMX_M4_1949_Liberte,8,heavyTank,AMX M4 mle. 49 Liberté,AMX M4 49 L,300,1749.0,232,0.36,2.9,10,40,14.29,1500,190,250.0,370,1222,5
52353,S23_Strv_81,8,mediumTank,Strv 81,Strv 81,230,1840.0,226,0.33,2.3,10,50,17.72,1450,76,254.0,400,1261,9
16417,A87_M44,6,SPG,M44,M44,500,1365.0,39,0.72,5.4,5,56,18.95,315,13,,265,687-994,3
3457,S14_Ikv_103,5,AT-SPG,Ikv 103,Ikv 103,300,1623.0,120,0.42,2.1,12,60,19.89,460,19,,340,1242,9
1425,Pl09_7TP,2,lightTank,7TP,7TP,55,1178.65,55,0.4,2.3,12,35,13.92,380,17,18.0,300,1370,10
11777,R80_KV1,5,heavyTank,КВ-1,КВ-1,450,2367.0,61,0.57,2.9,7,34,10.16,840,75,110.0,310,546-914,1
19745,A112_T71E2R,7,lightTank,T71 CMCD,T71 CMCD,150,1999.5,145,0.38,1.9,10,64,24.74,840,25,22.0,390,1308,3
15937,F49_RenaultR35,2,lightTank,Renault R35,R35,40,923.2,34,0.48,2.0,16,23,7.75,310,40,40.0,300,824,5
13073,G82_Pz_II_AusfG,3,lightTank,Pz.Kpfw. II Ausf. G,Pz. II G,11,1404.26,23,0.57,1.5,10,65,16.9,425,30,30.0,330,648-930,2
1441,It11_P43,5,mediumTank,P.43,P.43,110,1609.3,118,0.41,2.4,10,42,14.32,600,80,80.0,350,1341,11
45057,R159_SU_130PM,8,AT-SPG,СУ-130ПМ,СУ-130ПМ,520,2293.2,243,0.35,2.3,7,65,16.67,1100,20,,360,1384,1
64561,Ch23_112,8,heavyTank,112,112,390,1856.4,196,0.44,3.0,6,45,12.61,1500,120,240.0,380,684,4
1537,R06_T-28,4,mediumTank,Т-28,Т-28,85,1888.7,112,0.34,2.3,6,45,29.27,540,30,25.0,340,489-889,1
2369,F27_FCM_36Pak40,3,AT-SPG,FCM 36 Pak 40,FCM36Pak40,110,1751.2,98,0.37,1.5,8,24,6.55,320,40,,400,498-1178,5
61697,R120_T22SR_A22,10,mediumTank,Т-22 ср.,Т-22 ср.,320,2560.0,264,0.38,2.1,5,55,20.83,1900,100,230.0,400,870,1
321,F03_D2,3,mediumTank,D2,D2,55,1375.0,45,0.47,2.0,10,23,9.21,410,40,46.0,320,497-1177,5
4481,S10_Strv_103_0_Series,9,AT-SPG,Strv 103-0,Strv 103-0,390,2722.2,288,0.4,3.0,-1,50,16.35,1500,40,,360,1234,9
62993,G118_VK4503,7,heavyTank,VK 45.03,VK 45.03,240,1713.6,203,0.33,2.2,8,38,10.77,1400,100,100.0,380,910,2
16961,F82_AMX_M4_Mle1949_Ter,10,heavyTank,AMX M4 mle. 54,AMX M4 54,400,2200.0,264,0.33,1.8,8,40,15.02,2200,220,300.0,390,1315,5
14097,G87_VK3002DB_V1,6,mediumTank,VK 30.01 (D),VK 30.01 D,135,1929.15,150,0.35,2.3,8,60,21.15,860,60,80.0,370,673-1129,2
2913,J06_Ke_Ho,4,lightTank,Type 5 Ke-Ho,Ke-Ho,75,1875.0,87,0.42,2.3,10,50,14.65,520,20,30.0,340,732-1003,7
46081,R127_T44_100_K,8,mediumTank,Т-44-100 (К),Т-44-100 (К),250,2000.0,190,0.35,2.0,7,52,22.69,1350,90,190.0,380,1373,1
49,Ch01_Type59,8,mediumTank,Type 59,Type 59,250,1785.0,185,0.39,2.0,7,56,18.06,1300,100,230.0,380,400,4
4369,G10_PzIII_AusfJ,4,mediumTank,Pz.Kpfw. III Ausf. J,Pz. III J,11,1783.76,39,0.45,1.4,10,64,22.89,540,50,30.0,330,745-1168,2
929,It03_M15_42,3,mediumTank,M15/42,M15/42,50,1363.5,70,0.38,1.8,10,40,15.97,465,45,42.0,320,1343,11
47377,G140_HWK_30,8,lightTank,HWK 30,HWK 30,240,1999.2,187,0.36,2.1,10,70,28.57,1150,25,20.0,410,1389,2
1345,F12_Hotchkiss_H35,2,lightTank,Hotchkiss H35,H35,27,952.83,46,0.43,1.5,5,27,8.69,320,40,40.0,300,522-1194,5
5505,S28_UDES_15_16,10,mediumTank,UDES 15/16,UDES 15/16,440,2807.2,254,0.35,2.2,6,50,19.06,1950,50,100.0,390,1409,9
3665,GB19_Sherman_Firefly,6,mediumTank,Sherman Firefly,Firefly,410,3075.0,53,0.52,2.5,10,36,13.95,840,51,76.0,370,791,6
64017,G120_M41_90,8,lightTank,leKpz M 41 90 mm,M 41 90 mm,240,2181.6,182,0.38,1.8,8,72,21.28,1100,25,25.0,400,989,2
17985,F109_AMD_Panhard_178B,6,lightTank,Panhard AMD 178B,AMD 178B,55,1736.9,106,0.36,1.4,12,65,35.39,640,20,20.0,300,1395,5
15121,G93_GW_Mk_VIe,2,SPG,G.Pz. Mk. VI (e),G.Pz. Mk. VI,410,910.2,27,0.84,6.5,3,50,13.54,180,22,,250,691-933,2
18177,R109_T54S,9,lightTank,Т-54 облегчённый,Т-54 обл.,250,2082.5,208,0.42,2.2,5,69,32.64,1300,80,180.0,390,763,1
3937,J20_Type_2605,10,heavyTank,Type 5 Heavy,Type 5 Heavy,900,2700.0,75,0.47,2.9,10,25,9.07,2900,270,280.0,400,868,7
55057,G70_PzIV_Hydro,5,mediumTank,Pz.Kpfw. IV hydrostat.,Pz. IV hydr.,110,1534.5,110,0.39,2.3,10,48,12.51,720,50,50.0,330,463-1147,2
47105,R154_T_34E_1943,5,mediumTank,Т-34 экранированный,Т-34Э,110,1650.0,120,0.43,2.3,8,56,15.67,660,45,45.0,340,1351,1
55889,GB85_Cromwell_Berlin,6,mediumTank,Cromwell B,Cromwell B,135,2076.3,145,0.36,2.3,8,64,23.19,840,64,76.0,360,818,6
57937,GB98_T95_FV4201_Chieftain,10,heavyTank,T95/FV4201 Chieftain,T95/FV4201,440,2512.4,270,0.35,2.1,10,46,16.67,2200,127,350.0,410,1388,6
21505,R96_Object_430,9,mediumTank,Объект 430,Об. 430,390,2414.1,238,0.42,2.5,5,50,14.82,1800,120,248.0,380,724-1013,1
48401,G112_KanonenJagdPanzer_105,8,AT-SPG,Kanonenjagdpanzer 105,KanJPz 105,390,1950.0,268,0.32,1.8,8,70,19.23,1050,30,,360,1307,2
52561,GB32_Tortoise,9,AT-SPG,Tortoise,Tortoise,400,3380.0,259,0.31,1.7,10,20,10.54,2000,273,,390,633,6
19009,F108_Panhard_EBR_105,10,lightTank,Panhard EBR 105,EBR 105,390,1950.0,190,0.38,1.4,7,70,42.35,1300,40,15.0,340,1390,5
2465,It12_Prototipo_Standard_B,9,mediumTank,Prototipo Standard B,Standard B,360,1962.0,268,0.37,2.5,10,65,20.01,1700,50,60.0,390,1337,11
16145,G76_Pz_Sfl_IVc,5,AT-SPG,Pz.Sfl. IVc,Pz.Sfl. IVc,135,2025.0,139,0.35,1.7,5,60,17.89,460,20,,340,719-1150,2
801,A10_M6,6,heavyTank,M6,M6,115,1917.05,128,0.4,2.3,10,35,16.57,970,102,102.0,350,421-1117,3
4961,J27_O_I_120,8,heavyTank,O-Ho,O-Ho,330,2128.5,215,0.42,3.1,10,25,9.9,1700,200,200.0,380,874,7
60929,R105_BT_7A,3,lightTank,БТ-7 артиллерийский,БТ-7 арт.,164,2050.0,38,0.6,2.4,5,52,37.04,390,20,15.0,290,845,1
48129,R140_M4_Loza,6,mediumTank,М4-А2 Шерман Лозы,М4-А2 Лозы,115,2090.7,128,0.4,2.3,10,51,12.02,840,64,64.0,370,1309,1
18689,R13_KV-1s,6,heavyTank,КВ-1С,КВ-1С,450,2452.5,61,0.48,2.9,5,43,13.59,970,75,82.0,340,422-1139,1
64769,R152_KV2_W,6,heavyTank,КВ-2 (Р),КВ-2 (Р),700,1750.0,110,0.6,3.8,7,35,12.08,960,75,75.0,330,1347,1
3393,F21_Lorraine39_L_AM,3,SPG,Lorraine 39L AM,Lorr. 39L AM,410,1201.3,27,0.84,5.5,4,37,13.53,215,20,,260,560-1174,5
17937,G101_StuG_III,4,AT-SPG,StuG III Ausf. B,StuG III B,350,2334.5,64,0.55,2.0,6,40,18.85,400,50,,310,747,2
529,G04_PzVI_Tiger_I,7,heavyTank,Tiger I,Tiger I,350,2625.0,64,0.55,2.3,8,40,12.25,1500,100,100.0,380,404-1097,2
50721,A136_T42,8,mediumTank,T42,T42,280,1845.2,190,0.33,2.0,10,52,14.8,1350,102,216.0,400,1484,3
4689,GB09_Churchill_VII,6,heavyTank,Churchill VII,Churchill VII,370,3170.9,47,0.51,2.3,3,20,8.66,1080,152,152.0,360,593,6
17169,G83_Pz_IV_AusfA,3,mediumTank,Pz.Kpfw. IV Ausf. A,Pz. IV A,70,1908.9,60,0.46,1.9,10,42,19.27,480,15,30.0,330,748-1183,2
1825,A02_M2_lt,2,lightTank,M2 Light Tank,M2 Light,12,1186.8,30,0.5,1.7,10,58,30.24,320,38,38.0,320,523-893,3
5985,J26_Type_89,2,mediumTank,Type 89 I-Go/Chi-Ro,I-Go/Chi-Ro,75,1956.75,30,0.4,2.1,15,25,9.19,400,17,15.0,320,896,7
17953,A97_M41_Bulldog,8,lightTank,M41 Walker Bulldog,M41 Bulldog,170,2040.0,175,0.38,1.9,10,68,34.05,1000,25,25.0,400,764-1102,3
49153,R127_T44_100_M,8,mediumTank,Т-44-100 (М),Т-44-100 (М),250,2000.0,190,0.35,2.0,7,52,22.69,1350,90,190.0,380,1538,1
18465,A108_T18_HMC,3,SPG,T18 HMC,T18 HMC,175,1499.75,19,0.68,4.8,8,48,19.21,195,51,,250,925,3
257,R02_SU-85,5,AT-SPG,СУ-85,СУ-85,450,2367.0,61,0.55,2.3,6,55,17.09,460,45,,280,469-844,1
35105,A140_ASTRON_REX_105mm,8,mediumTank,ASTRON Rex 105 mm,ASTRON Rex,320,1920.0,190,0.43,2.0,10,52,14.52,1300,85,220.0,390,1555,3
54609,GB78_Sexton_I,3,SPG,Sexton I,Sexton I,280,1556.8,44,0.76,5.5,9,40,15.08,250,51,,330,677,6
3633,Ch10_IS2,7,heavyTank,IS-2,IS-2,390,1903.2,175,0.46,3.4,5,37,12.6,1280,90,100.0,350,622,4
1553,G17_JagdPzIV,6,AT-SPG,Jagdpanzer IV,Jg.Pz. IV,220,2444.2,145,0.35,1.7,6,40,17.77,670,80,,350,429-882,2
51745,A62_Ram-II,5,mediumTank,Ram II,Ram II,75,1965.0,105,0.43,2.29,7,38,16.25,800,76,76.0,330,464-1151,3
5713,GB24_Centurion_Mk3,9,mediumTank,Centurion Mk. 7/1,Centurion 7/1,230,2421.9,226,0.32,1.9,10,50,18.2,1720,121,254.0,410,586,6
18193,G81_Pz_IV_AusfH,5,mediumTank,Pz.Kpfw. IV Ausf. H,Pz. IV H,350,2625.0,64,0.55,2.3,10,40,17.13,630,80,50.0,350,743-1146,2
60993,F85_M4A1_FL10,6,mediumTank,M4A1 FL 10,M4A1 FL 10,135,1393.2,148,0.38,2.0,6,48,17.55,810,51,40.0,370,1413,5
4145,Ch19_121,10,mediumTank,121,121,440,2750.0,262,0.35,2.7,5,56,16.67,2050,135,240.0,400,615,4
5729,J23_Mi_To,5,heavyTank,O-I Experimental,O-I Exp.,360,2055.6,60,0.54,2.9,10,25,12.11,920,125,125.0,360,886,7
51473,G32_PzV_PzIV,5,mediumTank,Pz.Kpfw. V/IV,Pz. V/IV,110,1736.9,110,0.37,2.0,10,55,17.24,680,85,50.0,365,435-1148,2
55633,GB70_N_FV4202_105,8,mediumTank,FV4202,FV4202,230,1725.0,226,0.33,2.3,10,50,15.63,1400,51,200.0,390,803,6
52817,GB33_Sentinel_AC_I,4,mediumTank,AC 1 Sentinel,Sentinel,45,1304.55,88,0.37,2.7,10,60,11.81,570,65,65.0,350,922,6
2577,G13_VK3001H,5,mediumTank,VK 30.01 (H),VK 30.01 H,350,2625.0,64,0.55,2.3,8,40,10.47,700,50,80.0,360,439-998,2
52769,A43_M22_Locust,3,lightTank,M22 Locust,Locust,40,1048.0,56,0.41,1.71,10,64,27.75,445,25,25.0,330,500-1179,3
19217,G121_Grille_15_L63,10,AT-SPG,Grille 15,Grille 15,750,2497.5,279,0.27,1.5,7,60,21.25,1800,30,,390,979,2
1633,J09_Chi_He,4,mediumTank,Type 1 Chi-He,Chi-He,75,1875.0,87,0.42,2.3,15,44,15.99,540,50,50.0,340,731-1024,7
46097,G151_Pz_Sfl_IC,4,AT-SPG,Pz.Sfl. IC,Pz.Sfl. IC,70,900.2,100,0.39,2.0,10,54,15.15,415,50,,320,1526,2
51201,R38_KV-220_beta,5,heavyTank,КВ-220-2 Бета-Тест,КВ-220-2 Т,110,1540.0,99,0.46,2.29,8,33,13.66,900,120,90.0,310,1225,1
10785,A69_T110E5,10,heavyTank,T110E5,T110E5,400,2728.0,258,0.35,2.0,8,37,16.28,2200,254,203.0,400,363-867,3
273,G02_Hummel,6,SPG,Hummel,Hummel,600,1158.0,39,0.68,6.2,3,42,13.04,335,30,,265,452-841,2
1361,GB15_Stuart_I,3,lightTank,Stuart I-IV,Stuart I-IV,45,1038.6,64,0.4,2.0,10,58,20.19,445,38,38.0,330,797,6
2305,R18_SU-152,7,AT-SPG,СУ-152,СУ-152,390,3162.9,175,0.41,2.9,6,43,13.09,870,75,,330,418-964,1
56657,GB93_Caernarvon_AX,8,heavyTank,Caernarvon Action X,Caernarvon AX,230,2339.1,226,0.32,2.3,10,36,14.62,1500,130,254.0,380,1319,6
3857,G18_JagdPanther,7,AT-SPG,Jagdpanther,JPanther,220,2444.2,145,0.35,1.7,5,55,15.53,850,80,,350,411-1101,2
3697,Cz19_Vz_44_1,7,heavyTank,Vz. 44-1,Vz. 44-1,250,1875.0,175,0.42,2.5,7,30,14.21,1400,110,200.0,370,1557,8
15873,R44_T80,4,lightTank,Т-80,Т-80,40,2168.8,46,0.45,2.3,8,45,17.93,540,35,35.0,330,676-1026,1
53793,A81_T95_E2,8,mediumTank,T95E2,T95E2,240,1920.0,190,0.36,2.0,9,56,15.17,1500,114,178.0,400,777-1086,3
7761,GB58_Cruiser_Mk_III,3,lightTank,Cruiser Mk. III,Cruiser III,45,1028.7,49,0.45,2.3,15,48,27.19,390,14,14.0,330,604,6
16705,F83_AMX_M4_Mle1949_Bis,9,heavyTank,AMX M4 mle. 51,AMX M4 51,400,2144.0,257,0.34,2.0,8,40,15.16,1900,180,300.0,380,1317,5
53585,GB68_Matilda_Black_Prince,5,mediumTank,Matilda Black Prince,Matilda BP,75,1956.75,110,0.41,2.3,13,22,6.32,800,75,76.0,350,574,6
7185,G27_VK3001P,6,heavyTank,VK 30.01 (P),VK 30.01 P,350,2625.0,64,0.55,2.3,8,45,13.88,1100,75,100.0,370,440-1019,2
4897,A25_M2_med,3,mediumTank,M2 Medium Tank,M2 Medium,175,2282.0,38,0.55,2.3,20,43,19.08,375,32,38.0,370,499-928,3
3713,S08_Ikv_65_Alt_2,6,AT-SPG,Ikv 65 Alt II,Ikv 65 II,240,1581.6,155,0.36,2.1,10,60,19.94,650,15,,330,1240,9
52225,R34_BT-SV,3,lightTank,БТ-СВ,БТ-СВ,47,1233.75,51,0.41,1.71,4,62,38.14,425,25,25.0,280,513-1187,1
6193,Ch41_WZ_111_5A,10,heavyTank,WZ-111 model 5A,WZ-111 5A,490,2626.4,250,0.39,2.5,7,50,15.0,2200,140,300.0,400,1286,4
56913,GB94_Centurion_Mk5-1_RAAC,8,mediumTank,Centurion Mk. 5/1 RAAC,Centurion 5/1,230,1840.0,226,0.33,2.3,10,50,18.63,1400,121,254.0,400,1334,6
3329,R11_MS-1,1,lightTank,МС-1,МС-1,47,972.43,51,0.46,2.5,8,32,11.24,215,16,16.0,280,537-1008,1
57681,GB96_Excalibur,6,AT-SPG,Excalibur,Excalibur,150,1999.5,165,0.3,1.8,10,50,18.26,840,50,50.0,360,1360,6
3729,Pl17_DS_PZlnz,5,mediumTank,DS PZInż,DS PZInż,110,1466.3,108,0.41,2.5,8,56,18.65,590,50,50.0,350,1477,10
19969,R148_Object_430_U,10,mediumTank,Объект 430У,Об. 430У,440,2587.2,252,0.4,2.3,5,50,14.29,2000,160,300.0,400,1327,1
8785,GB73_AT2,5,AT-SPG,AT 2,AT 2,370,2960.0,47,0.49,2.3,5,20,9.65,590,152,,310,642,6
5921,A35_Pershing,8,mediumTank,M26 Pershing,Pershing,410,3075.0,53,0.55,2.3,10,48,16.27,1440,102,127.0,400,396-811,3
50849,It20_Carro_Combattimento_45t,10,mediumTank,Carro da Combattimento 45 t,Carro 45 t,400,2400.0,248,0.38,3.0,9,55,17.78,1900,80,230.0,400,1490,11
53249,R54_KV-5,8,heavyTank,КВ-5,КВ-5,300,2100.0,196,0.4,2.3,7,40,11.98,1780,180,190.0,350,387-957,1
7217,Ch33_60G_FT,5,AT-SPG,60G FT,60G FT,180,2250.0,145,0.38,1.7,8,45,17.31,520,25,,340,1296,4
1649,Cz05_T34_100,7,mediumTank,Konštrukta T-34/100,T-34/100,250,1765.0,175,0.38,2.4,5,54,15.29,1100,45,90.0,370,963,8
54545,G46_T-25,5,mediumTank,Pz.Kpfw. T 25,Pz. T 25,110,1540.0,116,0.41,2.5,10,60,22.67,800,50,60.0,320,466-1000,2
58705,GB103_GSOR3301_AVR_FS,9,lightTank,GSOR3301 AVR FS,GSOR,240,1516.8,232,0.36,1.9,10,65,39.42,1250,35,70.0,390,1423,6
20993,R145_Object_705_A,10,heavyTank,Объект 705А,Об. 705А,650,2151.5,256,0.44,2.8,5,40,15.0,2450,175,330.0,390,1323,1
55841,A95_T95_E6,10,mediumTank,T95E6,T95E6,400,3000.0,258,0.38,2.0,9,56,18.33,2150,114,343.0,410,740-951,3
9809,GB40_Gun_Carrier_Churchill,6,AT-SPG,Churchill Gun Carrier,Churchill GC,140,2100.0,112,0.36,1.7,10,26,8.97,730,89,,340,638,6
6945,A30_M10_Wolverine,5,AT-SPG,M10 Wolverine,Wolverine,410,3152.9,53,0.53,1.7,10,48,16.69,470,38,57.0,370,456-843,3
15137,A71_T21,6,lightTank,T21,T21,115,1643.35,130,0.36,1.9,10,57,25.93,670,29,29.0,380,613-1126,3
54273,R50_SU76I,3,AT-SPG,СУ-76И,СУ-76И,110,1705.0,86,0.44,2.1,5,50,13.17,285,60,,300,736-1189,1
8241,Ch37_WZ111G_FT,9,AT-SPG,WZ-111G FT,WZ-111G FT,560,2497.6,271,0.36,2.5,6,35,12.1,1800,200,,380,1288,4
52513,A45_M6A2E1,8,heavyTank,M6A2E1,M6A2E1,320,1616.0,204,0.4,2.1,10,29,14.34,1550,191,229.0,380,380-860,3
55569,G48_E-25,7,AT-SPG,E 25,E 25,135,2700.0,150,0.3,1.5,8,65,26.62,830,50,,360,686-988,2
59729,GB104_GSR_3301_Setter,7,lightTank,GSR 3301 Setter,Setter,135,1350.0,180,0.38,1.8,10,58,27.85,860,30,40.0,370,1429,6
6673,G20_Marder_II,3,AT-SPG,Marder II,Marder II,115,1380.0,96,0.44,2.7,8,40,12.73,295,30,,310,504,2
7969,A32_M12,7,SPG,M12,M12,600,1302.0,39,0.67,5.5,3,39,18.23,350,51,,270,425-1093,3
55297,R89_SU122_44,7,AT-SPG,СУ-122-44,СУ-122-44,390,2925.0,175,0.41,2.9,4,48,15.24,840,90,,330,580-1112,1
4353,R20_T-44,8,mediumTank,Т-44,Т-44,160,2043.2,126,0.42,2.9,7,51,22.96,1300,90,190.0,380,402-1090,1
6401,R24_SU-76,4,AT-SPG,СУ-76М,СУ-76М,75,1731.0,75,0.41,1.7,5,48,17.09,405,25,,310,891,1
23041,R174_BT-5,3,lightTank,БТ-5,БТ-5,40,1894.8,42,0.45,2.5,8,55,39.44,410,15,20.0,300,1464,1
57889,A99_T92_LT,8,lightTank,T92,T92,150,1999.5,189,0.38,1.8,10,60,35.32,1000,32,29.0,400,1224,3
11857,GB77_FV304,6,SPG,FV304,FV304,450,1998.0,28,0.7,4.8,2,72,24.21,315,14,,255,697,6
8993,A63_M46_Patton,9,mediumTank,M46 Patton,M46 Patton,410,3075.0,53,0.55,2.0,10,48,18.94,1700,102,216.0,410,373-855,3
43841,F42_AMR_35,2,lightTank,AMR 35,AMR 35,27,952.83,46,0.38,1.8,12,55,12.12,360,15,20.0,320,1439,5
48897,R122_T44_100B,8,mediumTank,Т-44-100 (Б),Т-44-100 (Б),250,2000.0,190,0.35,2.0,7,52,22.69,1350,90,190.0,380,1262,1
60481,F114_Projet_4_1,9,mediumTank,Char Futur 4,Char Futur 4,390,1801.8,264,0.34,2.2,7,60,22.96,1750,55,140.0,380,1444,5
641,S12_Strv_M40,3,lightTank,Strv m/40L,Strv m/40L,40,1200.0,78,0.38,1.6,15,45,20.21,410,48,50.0,320,1247,9
2385,GB06_Vickers_Medium_Mk_III,3,mediumTank,Vickers Medium Mk. III,Medium III,70,1400.0,57,0.44,1.7,8,48,11.9,500,14,14.0,330,603,6
13569,R88_Object268,10,AT-SPG,Объект 268,Об. 268,750,2730.0,303,0.33,2.7,5,48,15.69,1950,187,,370,570-1056,1
57617,G78_Panther_M10,7,mediumTank,Panther/M10,Panther/M10,135,2025.0,150,0.32,2.3,8,55,15.23,1300,85,100.0,365,578-863,2
11585,F34_ARL_V39,6,AT-SPG,ARL V39,ARL V39,240,2028.0,135,0.38,1.7,6,42,17.22,680,60,,350,554-1120,5
401,Pl01_TKS_20mm,2,lightTank,TKS z n.k.m. 20 mm,TKS 20,11,836.77,43,0.4,1.8,7,45,15.0,320,10,,290,1372,10
50961,G120_M41_90_GrandFinal,8,lightTank,leKpz M 41 90 mm GF,M 41 90 GF,240,2181.6,182,0.38,1.8,8,72,21.28,1100,25,25.0,400,1009,2
8721,G45_G_Tiger,9,SPG,G.W. Tiger,G.W. Tiger,750,1455.0,44,0.65,4.8,2,45,11.67,500,30,,295,408-982,2
16897,R97_Object_140,10,mediumTank,Объект 140,Об. 140,320,2908.8,264,0.35,2.1,7,55,16.11,1900,110,240.0,400,704-1054,1
12881,GB50_Sherman_III,5,mediumTank,Sherman III,Sherman III,410,2734.7,53,0.55,2.5,10,48,15.14,610,51,64.0,370,794,6
1137,Cz09_T_24,5,mediumTank,Škoda T 24,Škoda T 24,110,1245.2,132,0.38,2.3,10,58,23.32,590,50,50.0,350,966,8
10017,A36_Sherman_Jumbo,6,mediumTank,M4A3E2 Sherman Jumbo,M4A3E2,410,3075.0,53,0.55,2.3,10,35,15.1,850,102,64.0,370,433-840,3
20225,R149_Object_268_4,10,AT-SPG,Объект 268 Вариант 4,Об. 268/4,650,2294.5,293,0.42,2.5,5,50,18.0,2000,260,,370,1325,1
3873,A11_T29,7,heavyTank,T29,T29,115,1917.05,128,0.4,2.3,10,35,12.56,1250,102,279.0,380,406-961,3
57105,G41_DickerMax,6,AT-SPG,Dicker Max,Dicker Max,300,1935.0,169,0.36,2.3,15,40,10.86,620,50,,400,555-1121,2
15889,G96_VK3002M,6,mediumTank,VK 30.02 (M),VK 30.02 M,135,1929.15,150,0.35,2.3,8,55,16.65,940,85,100.0,370,710-1130,2
61505,F97_ELC_EVEN_90,8,lightTank,ELC EVEN 90,ELC EVEN 90,220,1130.8,175,0.38,2.9,9,70,23.88,900,15,15.0,380,1321,5
2353,Ch07_Vickers_MkE_Type_BT26,2,lightTank,Vickers Mk. E Type B,VAE Type B,47,1226.23,51,0.46,2.1,8,35,13.34,340,13,30.0,310,630,4
58641,G92_VK7201,10,heavyTank,VK 72.01 (K),VK 72.01 K,750,2250.0,246,0.4,2.9,7,33,10.0,2500,240,200.0,400,666-980,2
60433,G108_PzKpfwII_AusfD,2,lightTank,Pz.Kpfw. II Ausf. D,Pz. II D,11,1076.9,23,0.57,1.4,10,55,12.73,420,30,15.0,320,781,2
3889,Ch17_WZ131_1_WZ132,8,lightTank,WZ-132,WZ-132,200,2000.0,159,0.38,2.3,5,64,29.47,1100,50,55.0,380,620,4
9745,G55_E-75,9,heavyTank,E 75,E 75,360,2426.4,200,0.37,2.3,8,40,9.88,1950,160,280.0,400,366-1060,2
59937,A121_M26_Cologne,7,mediumTank,T26E3 Eagle 7,Eagle 7,240,1675.2,172,0.39,2.3,10,48,12.69,1200,102,102.0,380,1355,3
13905,GB83_FV4005,10,AT-SPG,FV4005 Stage II,FV4005,1150,2300.0,310,0.42,3.7,10,32,18.62,1850,76,14.0,390,782,6
2721,It08_Progetto_M40_mod_65,10,mediumTank,Progetto M40 mod. 65,Progetto 65,360,2160.0,268,0.35,2.5,9,65,18.75,1900,50,120.0,400,1336,11
11041,A72_T25_2,7,AT-SPG,T25/2,T25/2,240,1869.6,170,0.36,1.7,10,56,15.93,850,76,76.0,380,415-1106,3
14145,F62_ELC_AMX,5,lightTank,AMX ELC bis,AMX ELC bis,110,1466.3,74,0.42,2.3,5,60,26.79,490,25,20.0,360,573-1141,5
58369,R110_Object_260,10,heavyTank,Объект 260,Об. 260,440,2398.0,260,0.35,2.2,6,60,19.58,2100,150,350.0,400,773,1
62529,F19_Lorraine40t,8,mediumTank,Lorraine 40 t,Lorr. 40 t,300,1656.0,232,0.38,2.7,8,60,21.25,1300,40,45.0,380,395-1065,5
51345,Pl16_T34_85_Rudy,6,mediumTank,T-34-85 Rudy,Rudy Pl,180,1800.0,144,0.37,2.2,7,54,15.39,810,45,90.0,365,1433,10
59665,G100_Gtraktor_Krupp,3,mediumTank,Großtraktor - Krupp,Gr.Tr.,110,1200.1,43,0.55,2.2,12,44,15.24,570,14,14.0,330,742,2
55121,GB52_A45,7,heavyTank,FV201 (A45),FV201 (A45),150,2092.5,171,0.39,2.3,10,31,14.32,1500,76,152.0,380,813,6
817,Ch03_WZ-111,8,heavyTank,WZ-111,WZ-111,390,1872.0,196,0.42,2.8,5,50,13.48,1550,120,230.0,380,385,4
10769,G57_PzVI_Tiger_P,7,heavyTank,Tiger (P),Tiger (P),350,2625.0,64,0.55,2.3,6,35,11.01,1450,200,100.0,380,405-1096,2
15649,A103_T71E1,7,lightTank,T71 DA,T71 DA,115,1881.4,130,0.4,2.1,7,64,23.45,840,25,22.0,390,612-876,3
3745,It17_Progetto_CC55_mod_54,8,heavyTank,Progetto CC55 mod. 54,Progetto 54,320,1478.4,220,0.38,2.5,9,45,17.71,1450,100,180.0,370,1532,11
1889,J10_Chi_To,6,mediumTank,Type 4 Chi-To,Chi-To,130,2052.7,155,0.36,2.1,10,45,12.23,920,75,75.0,360,729-1127,7
59393,R117_T34_85_Rudy,6,mediumTank,Т-34-85 Rudy,Rudy USSR,180,1800.0,144,0.37,2.2,7,54,15.39,810,45,90.0,365,819,1
63553,F68_AMX_Chasseur_de_char_46,8,mediumTank,AMX Chasseur de chars,AMX CDC,240,1972.8,212,0.34,1.8,10,57,35.29,1400,30,30.0,390,784,5
1681,Pl06_10TP,3,lightTank,10TP,10TP,75,999.75,56,0.4,2.3,12,50,17.49,410,20,18.0,310,1369,10
60689,G104_Stug_IV,5,AT-SPG,StuG IV,StuG IV,110,1784.2,110,0.35,1.6,6,38,11.58,470,80,,310,780,2
19489,A116_XM551,10,lightTank,XM551 Sheridan,Sheridan,910,2730.0,76,0.51,3.3,10,65,43.1,1600,14,38.0,420,1269,3
14657,F66_AMX_Ob_Am105,4,SPG,AMX 105 AM mle. 47,AMX 105 AM,445,1668.75,30,0.74,5.5,0,60,16.09,260,30,,260,689-1156,5
3473,Pl15_60TP_Lewandowskiego,10,heavyTank,60TP Lewandowskiego,60TP,750,2310.0,250,0.38,3.0,8,35,12.97,2600,160,260.0,390,1361,10
11793,G40_Nashorn,6,AT-SPG,Nashorn,Nashorn,220,2356.2,145,0.35,1.7,5,40,12.75,670,30,,360,718-992,2
61985,A124_T54E2,8,heavyTank,M54 Renegade,Renegade,360,2116.8,226,0.38,2.5,10,45,16.15,1500,152,250.0,400,1425,3
15953,GB92_FV217,10,AT-SPG,FV217 Badger,Badger,480,3388.8,272,0.3,1.7,10,30,14.62,2100,356,,390,1316,6
63281,Ch39_WZ120_1G_FT,8,AT-SPG,WZ-120-1G FT,WZ-120-1 FT,440,2692.8,248,0.37,2.9,6,50,16.11,1100,120,,380,1278,4
1905,Cz07_TVP_46,8,mediumTank,TVP VTU Koncept,TVP VTU,220,2274.8,145,0.37,2.3,6,50,20.29,1450,65,65.0,380,960,8
52097,S22_Strv_S1,8,AT-SPG,Strv S1,Strv S1,390,2293.2,288,0.4,3.0,-1,50,16.36,1000,30,,350,1256,9
3969,S06_Ikv_90_Typ_B_Bofors,7,AT-SPG,Ikv 90 Typ B,Ikv 90 B,240,1946.4,210,0.36,2.3,10,65,23.02,800,15,,340,1238,9
60417,R115_IS-3_auto,8,heavyTank,ИС-3 с МЗ,ИС-3 с МЗ,390,1950.0,221,0.46,3.0,5,40,10.61,1550,110,249.0,350,838,1
43329,F111_AM39_Gendron_Somua,2,lightTank,AM 39 Gendron-Somua,AM Gendron,27,771.39,46,0.42,1.8,12,50,31.75,280,15,15.0,280,1396,5
3201,S19_Sav_M43,4,AT-SPG,Sav m/43,Sav m/43,350,2142.0,65,0.56,3.5,14,43,13.03,415,50,,310,1245,9
7489,F25_Lorraine155_51,8,SPG,Lorraine 155 mle. 51,Lorr. 155 51,680,1360.0,45,0.66,5.5,0,60,24.79,390,40,,270,551-1071,5
61713,G109_Steyr_WT,7,AT-SPG,Krupp-Steyr Waffenträger,Steyr WT,240,1999.2,203,0.33,1.9,8,35,15.71,800,20,,360,815,2
15681,F71_AMX_30_prototype,9,mediumTank,AMX 30 1er prototype,AMX 30,390,2691.0,248,0.37,2.3,8,65,22.15,1650,80,150.0,390,810,5
51089,Pl19_CS_52_LIS,8,mediumTank,CS-52 LIS,CS-52 LIS,320,2000.0,208,0.36,2.3,7,50,19.69,1300,80,190.0,380,1472,10
12817,G53_PzI,2,lightTank,Pz.Kpfw. I,Pz. I,11,1353.88,30,0.51,1.5,10,40,17.04,320,13,14.0,320,650-1196,2
51825,Cz13_T_27,8,mediumTank,Škoda T 27,Škoda T 27,240,1564.8,202,0.38,2.2,8,50,22.5,1350,65,100.0,380,1412,8
44801,R161_T_116,3,lightTank,Т-116,Т-116,47,1226.23,51,0.42,1.9,5,60,31.9,410,15,15.0,320,1418,1
14113,A120_M48A5,10,mediumTank,M48A5 Patton,M48 Patton,390,2804.1,268,0.36,1.9,9,45,16.97,2000,152,254.0,420,1306,3
2929,Cz17_Vz_55,10,heavyTank,Vz. 55,Vz. 55,490,2626.4,260,0.35,2.3,8,50,15.48,2100,115,300.0,390,1543,8
53121,S26_Lansen_C,8,mediumTank,Lansen C,Lansen C,320,2086.4,208,0.38,2.5,10,50,28.39,1350,60,70.0,380,1392,9
51105,It18_Progetto_C45_mod_71,8,heavyTank,Bisonte C45,Bisonte C45,360,1800.0,218,0.42,2.7,10,50,12.46,1400,135,185.0,380,1488,11
61441,R118_T28_F30,4,mediumTank,Т-28Э с Ф-30,Т-28Э Ф-30,160,1748.8,120,0.43,3.2,5,35,15.15,580,50,50.0,350,865,1
4225,S21_UDES_03,8,AT-SPG,UDES 03,UDES 03,240,2028.0,210,0.35,3.0,0,70,27.2,1000,20,,350,1237,9
3409,GB27_Sexton,3,SPG,Sexton II,Sexton II,260,1417.0,21,0.78,5.5,5,40,17.83,250,51,,260,701,6
12545,R59_A44,7,mediumTank,А-44,А-44,85,2217.65,112,0.34,1.9,5,59,17.33,1100,150,90.0,370,706-1109,1
15425,F72_AMX_30,10,mediumTank,AMX 30 B,AMX 30 B,390,2999.1,248,0.36,2.0,8,65,20.0,1900,80,150.0,410,809,5
51553,J12_Chi_Nu_Kai,5,mediumTank,Type 3 Chi-Nu Kai,Chi-Nu Kai,125,1500.0,124,0.37,2.3,7,39,11.27,630,50,75.0,350,712-1023,7
52305,GB109_GSOR_1008,8,AT-SPG,GSOR 1008,GSOR 1008,320,1507.2,226,0.34,2.3,11,60,14.66,1200,99,152.0,370,1487,6
13841,G88_Indien_Panzer,8,mediumTank,Indien-Panzer,Indien-Pz.,250,2082.5,218,0.32,2.0,10,55,16.96,1300,90,90.0,380,671-1078,2
2657,J13_STA_1,8,mediumTank,STA-1,STA-1,240,2215.2,219,0.38,2.2,10,45,19.07,1450,45,70.0,390,727-1081,7
54801,G50_T-15,3,lightTank,Pz.Kpfw. T 15,Pz. T 15,40,1050.0,42,0.41,1.71,10,60,26.12,465,30,30.0,350,510-1184,2
65329,Ch43_WZ_122_2,8,mediumTank,122 TM,122 TM,400,1372.0,233,0.33,2.3,8,50,15.47,1400,120,280.0,370,1525,4
54145,S31_Strv_K,9,heavyTank,Strv K,Strv K,390,1950.0,252,0.34,2.5,10,40,16.37,1850,90,254.0,400,1459,9
21249,R93_Object263,9,AT-SPG,Объект 263,Об. 263,550,2156.0,270,0.43,2.1,4,55,18.33,1800,250,,360,575-1055,1
47121,G144_Kpz_50t,9,mediumTank,Kampfpanzer 50 t,Kpz 50 t,320,2284.8,268,0.33,2.0,8,60,18.0,1750,120,250.0,400,1431,2
1089,F04_B1,4,heavyTank,B1,B1,55,1571.35,66,0.39,1.5,13,30,11.83,660,60,46.0,330,471-1160,5
1697,It10_P43_bis,6,mediumTank,P.43 bis,P.43 bis,240,1920.0,140,0.4,2.4,7,50,15.66,830,80,80.0,360,1340,11
5249,S27_UDES_16,9,mediumTank,UDES 16,UDES 16,390,2293.2,234,0.36,2.2,5,50,21.07,1650,45,70.0,390,1410,9
63761,G119_Panzer58,8,mediumTank,Panzer 58,Pz. 58,250,1875.0,212,0.34,2.3,10,50,17.09,1350,90,120.0,390,904,2
17729,F64_AMX_50Fosh_B,10,AT-SPG,AMX 50 Foch B,Foch B,400,3000.0,257,0.34,2.3,6,50,17.8,1850,180,,380,1300,5
61457,G107_PzKpfwIII_AusfK,5,mediumTank,Pz.Kpfw. III Ausf. K,Pz. III K,110,1650.0,103,0.4,2.3,10,40,13.04,790,50,50.0,350,807,2
14865,G91_Pro_Ag_A,9,mediumTank,Leopard Prototyp A,Leopard PT A,250,2500.0,218,0.32,2.3,8,65,20.23,1700,70,52.0,400,670-872,2
18497,F110_Lynx_6x6,8,lightTank,Panhard AML Lynx 6x6,Lynx 6x6,240,1749.6,182,0.4,1.6,8,58,34.71,920,13,16.0,310,1393,5
3681,J16_ST_B1,10,mediumTank,STB-1,STB-1,360,3042.0,258,0.37,2.0,8,50,25.4,2000,110,222.0,400,723-1051,7
46849,R157_Object_279R,10,heavyTank,Объект 279 ранний,Об. 279 (р),440,2512.4,258,0.36,2.3,5,40,14.17,2400,185,330.0,400,1357,1
16161,A88_M53_55,9,SPG,M53/M55,M53/M55,900,1287.0,52,0.75,5.2,5,56,18.22,450,25,,300,682-983,3
48145,G138_VK168_02_Mauerbrecher,8,heavyTank,VK 168.01 Mauerbrecher,Mauerbrecher,440,1760.0,220,0.4,2.7,8,20,9.52,1700,180,230.0,400,1322,2
32065,F117_Alt_Proto_AMX_30,8,mediumTank,AltProto AMX 30,A.P. AMX 30,300,1800.0,232,0.36,2.5,11,65,24.29,1250,60,150.0,380,1541,5
6481,GB60_Covenanter,5,lightTank,Covenanter,Covenanter,175,2625.0,38,0.49,2.3,15,55,22.05,540,40,39.0,350,598,6
18753,F100_Panhard_EBR_90,9,lightTank,Panhard EBR 90,EBR 90,240,1845.6,185,0.38,1.4,6,65,38.62,1150,40,40.0,330,1391,5
31233,R175_IS_2_screen,7,heavyTank,ИС-2 экранированный,ИС-2Э,390,1903.2,175,0.46,3.4,6,30,12.91,1230,100,100.0,340,1457,1
545,A01_T1_Cunningham,1,lightTank,T1 Cunningham,T1,30,900.0,33,0.51,2.5,7,41,17.47,245,10,10.0,280,536-1032,3
4705,J21_Type_91,3,heavyTank,Type 91 Heavy,Type 91,70,1999.9,81,0.4,2.1,12,25,12.44,445,20,20.0,330,892,7
47873,R143_T_29,3,mediumTank,Т-29,Т-29,110,1410.2,66,0.55,2.3,5,45,17.54,445,30,20.0,300,1281,1
1841,Ch18_WZ-120,9,mediumTank,WZ-120,WZ-120,440,2398.0,249,0.38,3.4,3,60,16.13,1750,100,220.0,390,617,4
5169,Ch20_Type58,6,mediumTank,Type 58,Type 58,160,1920.0,128,0.38,2.3,5,55,16.0,840,45,90.0,370,626,4
